Workbook

Sheet MRP
A1: COD SAP | B1: CodInternoArti | C1: DescripcionArti | D1: Nivel_Integracion_3 | E1: Nivel_Integracion_4 | F1: Nivel_Integracion_5 | G1: Ubicacion | H1: 52 | I1: 53 | J1: 1 | K1: 2 | L1: 55 | M1: 56 | N1: TOTAL | O1: STK CIU | P1: STK MOR | Q1: STK MOR3 | R1: STATUS | S1: DIFERENCIA | T1: sem 1+2 | U1: CATEGORY | V1: ESTA CONTEMPLADO? | W1: EAN CORREGIDO
A2: 2006407 | B2: 16204006A | C2: ROLLO BOLSA ARRANQUE 60 x 90 | D2: BOLSAS | E2: BOLSAS ARRANQUE | F2: BOLSAS ARRANQUE | G2: Ciudadela | H2: 25 | I2: 11 | J2: 18 | K2: 5 | L2: 18 | M2: 9 | N2: 111.8 | O2: 0 | P2: 0 | Q2: 0 | R2: COMPRAR | S2: 111.8 | T2: -36 | U2: GASTON VECCHIO | V2: =_xlfn.XMATCH(Tabla4[[#This Row],[EAN CORREGIDO]],'Calcular necesidad'!L:L) -> 5 | W2: =TRIM(Tabla4[[#This Row],[CodInternoArti]]) -> 16204006A
A3: 2006442 | B3: 13044000A | C3: RESINITE (FILM DE PVC) x ROLLO | D3: VARIOS | E3: RESINITE | F3: RESINITE PVC | G3: Ciudadela | H3: 53 | I3: 35 | J3: 48 | K3: 47 | L3: 46 | M3: 35 | N3: 343.2 | O3: 0 | P3: 0 | Q3: 0 | R3: COMPRAR | S3: 343.2 | T3: -88 | U3: GASTON VECCHIO | V3: =_xlfn.XMATCH(Tabla4[[#This Row],[EAN CORREGIDO]],'Calcular necesidad'!L:L) -> 2 | W3: =TRIM(Tabla4[[#This Row],[CodInternoArti]]) -> 13044000A
A4: 2006265 | B4: 14004000A | C4: BARBIJOS x 25 UNID | D4: VARIOS | E4: BARBIJO DESCARTABLE | F4: BARBIJO DESCARTABLE | G4: Ciudadela | H4: 13 | I4: 2 | J4: 20 | L4: 12 | M4: 2 | N4: 63.7 | O4: 0 | P4: 0 | Q4: 0 | R4: COMPRAR | S4: 63.7 | T4: -15 | U4: GASTON VECCHIO | V4: =_xlfn.XMATCH(Tabla4[[#This Row],[EAN CORREGIDO]],'Calcular necesidad'!L:L) -> 11 | W4: =TRIM(Tabla4[[#This Row],[CodInternoArti]]) -> 14004000A
A5: 2006406 | B5: 16204003A | C5: ROLLO BOLSA ARRANQUE 40 x 60 | D5: BOLSAS | E5: BOLSAS ARRANQUE | F5: BOLSAS ARRANQUE | G5: Ciudadela | H5: 14 | I5: 11 | J5: 15 | K5: 29 | L5: 14 | M5: 11 | N5: 122.2 | O5: 0 | P5: 0 | Q5: 0 | R5: COMPRAR | S5: 122.2 | T5: -25 | U5: GASTON VECCHIO | V5: =_xlfn.XMATCH(Tabla4[[#This Row],[EAN CORREGIDO]],'Calcular necesidad'!L:L) -> 9 | W5: =TRIM(Tabla4[[#This Row],[CodInternoArti]]) -> 16204003A
A6: 2006408 | B6: 16208001A | C6: ROLLO DE BOLSA DE ARRANQUE 20 x 30 | D6: BOLSAS | E6: BOLSAS ARRANQUE | F6: BOLSAS ARRANQUE | G6: Ciudadela | H6: 27 | I6: 18 | J6: 16 | K6: 23 | L6: 18 | M6: 18 | N6: 156 | O6: 0 | P6: 0 | Q6: 0 | R6: COMPRAR | S6: 156 | T6: -45 | U6: GASTON VECCHIO | V6: =_xlfn.XMATCH(Tabla4[[#This Row],[EAN CORREGIDO]],'Calcular necesidad'!L:L) -> 7 | W6: =TRIM(Tabla4[[#This Row],[CodInternoArti]]) -> 16208001A
A7: 2006353 | B7: 17030001A | C7: GUANTE DE LATEX x 100 UNID | D7: VARIOS | E7: DESCARTABLES | F7: GUANTE LATEX | G7: Ciudadela | H7: 64 | I7: 77 | J7: 86 | K7: 95 | L7: 92 | M7: 79 | N7: 640.9 | O7: 0 | P7: 0 | Q7: 0 | R7: COMPRAR | S7: 640.9 | T7: -141 | U7: GASTON VECCHIO | V7: =_xlfn.XMATCH(Tabla4[[#This Row],[EAN CORREGIDO]],'Calcular necesidad'!L:L) -> 8 | W7: =TRIM(Tabla4[[#This Row],[CodInternoArti]]) -> 17030001A
A8: 2006151 | B8: 13069000A | C8: AGITADOR x 1000 U | D8: DESCARTABLES | E8: DESCARTABLES | F8: AGITADOR | G8: Ciudadela | H8: 9 | I8: 12 | J8: 14 | K8: 12 | L8: 6 | M8: 6 | N8: 76.7 | O8: 0 | P8: 0 | Q8: 0 | R8: COMPRAR | S8: 76.7 | T8: -21 | U8: GASTON VECCHIO | V8: =_xlfn.XMATCH(Tabla4[[#This Row],[EAN CORREGIDO]],'Calcular necesidad'!L:L) -> 4 | W8: =TRIM(Tabla4[[#This Row],[CodInternoArti]]) -> 13069000A
A9: 2006657 | B9: 13072000A | C9: FOLEX 20CMX25XCM XKG | D9: PAPEL | E9: PAPEL FOLEX | F9: PAPEL FOLEX | G9: Ciudadela | I9: 2 | J9: 1 | K9: 2 | L9: 1 | M9: 2 | N9: 10.4 | O9: 0 | P9: 0 | Q9: 0 | R9: COMPRAR | S9: 10.4 | T9: -2 | U9: GASTON VECCHIO | V9: =_xlfn.XMATCH(Tabla4[[#This Row],[EAN CORREGIDO]],'Calcular necesidad'!L:L) -> 10 | W9: =TRIM(Tabla4[[#This Row],[CodInternoArti]]) -> 13072000A
A10: 2006461 | B10: 14047013A | C10: SERVILLE BCA 30X30X1000U S/LOGO | D10: SERVILLETAS DESC | E10: SERVILLETAS DESC S/LOGO | F10: SERVILLETA DESC S/LOGO | G10: Ciudadela | H10: 3 | I10: 4 | J10: 3 | K10: 4 | L10: 3 | M10: 4 | N10: 27.3 | O10: 0 | P10: 0 | Q10: 0 | R10: COMPRAR | S10: 27.3 | T10: -7 | U10: GASTON VECCHIO | V10: =_xlfn.XMATCH(Tabla4[[#This Row],[EAN CORREGIDO]],'Calcular necesidad'!L:L) -> 17 | W10: =TRIM(Tabla4[[#This Row],[CodInternoArti]]) -> 14047013A
A11: 2006486 | B11: 16204004A | C11: ROLLO BOLSA ARRANQUE 45 x 60 | D11: BOLSAS | E11: BOLSAS ARRANQUE | F11: BOLSAS ARRANQUE | G11: Ciudadela | H11: 10 | I11: 8 | J11: 4 | K11: 4 | L11: 4 | M11: 4 | N11: 44.2 | O11: 0 | P11: 0 | Q11: 0 | R11: COMPRAR | S11: 44.2 | T11: -18 | U11: GASTON VECCHIO | V11: =_xlfn.XMATCH(Tabla4[[#This Row],[EAN CORREGIDO]],'Calcular necesidad'!L:L) -> 6 | W11: =TRIM(Tabla4[[#This Row],[CodInternoArti]]) -> 16204004A
A12: 2006779 | B12: 17018002A | C12: COFIAS DESCARTABLES X 100 | D12: VARIOS | E12: DESCARTABLES | F12: COFIA DESCARTABLE | G12: Ciudadela | H12: 38 | I12: 32 | J12: 38 | K12: 36 | L12: 34 | M12: 32 | N12: 273 | O12: 0 | P12: 0 | Q12: 0 | R12: COMPRAR | S12: 273 | T12: -70 | U12: GASTON VECCHIO | V12: =_xlfn.XMATCH(Tabla4[[#This Row],[EAN CORREGIDO]],'Calcular necesidad'!L:L) -> 16 | W12: =TRIM(Tabla4[[#This Row],[CodInternoArti]]) -> 17018002A
A13: 2006234 | B13: 16204005A | C13: ROLLO BOLSA ARRANQUE 25X35 | D13: BOLSAS | E13: BOLSAS ARRANQUE | F13: BOLSAS ARRANQUE | G13: Ciudadela | H13: 14 | I13: 18 | J13: 23 | K13: 5 | L13: 15 | M13: 15 | N13: 117 | O13: 0 | P13: 0 | Q13: 0 | R13: COMPRAR | S13: 117 | T13: -32 | U13: GASTON VECCHIO | V13: =_xlfn.XMATCH(Tabla4[[#This Row],[EAN CORREGIDO]],'Calcular necesidad'!L:L) -> 12 | W13: =TRIM(Tabla4[[#This Row],[CodInternoArti]]) -> 16204005A
A14: 2006671 | B14: 16032005A | C14: CAJA P/PIZZA GRANDE x U | D14: CAJAS | E14: CAJAS CARTON | F14: CAJA P/ PIZZA | G14: Ciudadela | H14: 25 | J14: 25 | K14: 10 | L14: 25 | N14: 110.5 | O14: 0 | P14: 0 | Q14: 0 | R14: COMPRAR | S14: 110.5 | T14: -25 | U14: GASTON VECCHIO | V14: =_xlfn.XMATCH(Tabla4[[#This Row],[EAN CORREGIDO]],'Calcular necesidad'!L:L) -> 14 | W14: =TRIM(Tabla4[[#This Row],[CodInternoArti]]) -> 16032005A
A15: 2006404 | B15: 14047015A | C15: SERVILLETA BCA 33X33X1000U GL | D15: SERVILLETAS DESC | E15: SERVILLETAS DESC C/LOGO | F15: SERVILLETA DESC C/LOGO | G15: Ciudadela | J15: 4 | N15: 5.2 | O15: 0 | P15: 0 | Q15: 0 | R15: COMPRAR | S15: 5.2 | T15: 0 | U15: GASTON VECCHIO | V15: =_xlfn.XMATCH(Tabla4[[#This Row],[EAN CORREGIDO]],'Calcular necesidad'!L:L) -> 19 | W15: =TRIM(Tabla4[[#This Row],[CodInternoArti]]) -> 14047015A
A16: 2006487 | B16: 16204014A | C16: ROLLO BOLSA ARRANQUE 15x20 | D16: BOLSAS | E16: BOLSAS ARRANQUE | F16: BOLSAS ARRANQUE | G16: Ciudadela | H16: 32 | I16: 41 | J16: 41 | K16: 51 | L16: 26 | M16: 41 | N16: 301.6 | O16: 0 | P16: 0 | Q16: 0 | R16: COMPRAR | S16: 301.6 | T16: -73 | U16: GASTON VECCHIO | V16: =_xlfn.XMATCH(Tabla4[[#This Row],[EAN CORREGIDO]],'Calcular necesidad'!L:L) -> 23 | W16: =TRIM(Tabla4[[#This Row],[CodInternoArti]]) -> 16204014A
A17: 2006800 | B17: 14047000A | C17: SERVILLE BCA 33X32X1000U S/LOGO | D17: SERVILLETAS DESC | E17: SERVILLETAS DESC S/LOGO | F17: SERVILLETA DESC S/LOGO | G17: Ciudadela | H17: 84 | I17: 87 | J17: 88 | K17: 100 | L17: 81 | M17: 89 | N17: 687.7 | O17: 0 | P17: 0 | Q17: 0 | R17: COMPRAR | S17: 687.7 | T17: -171 | U17: GASTON VECCHIO | V17: =_xlfn.XMATCH(Tabla4[[#This Row],[EAN CORREGIDO]],'Calcular necesidad'!L:L) -> 3 | W17: =TRIM(Tabla4[[#This Row],[CodInternoArti]]) -> 14047000A
A18: 2006485 | B18: 16204001A | C18: ROLLO BOLSA ARRANQUE 20 x 25 | D18: BOLSAS | E18: BOLSAS ARRANQUE | F18: BOLSAS ARRANQUE | G18: Ciudadela | H18: 11 | I18: 32 | J18: 28 | K18: 51 | L18: 11 | M18: 32 | N18: 214.5 | O18: 0 | P18: 0 | Q18: 0 | R18: COMPRAR | S18: 214.5 | T18: -43 | U18: GASTON VECCHIO | V18: =_xlfn.XMATCH(Tabla4[[#This Row],[EAN CORREGIDO]],'Calcular necesidad'!L:L) -> 15 | W18: =TRIM(Tabla4[[#This Row],[CodInternoArti]]) -> 16204001A
A19: 2006237 | B19: EMB000036 | C19: ROLLO_BOLSA_ARRANQUE_40_x_60 | D19: BOLSAS | E19: BOLSAS ARRANQUE | F19: BOLSAS ARRANQUE | G19: Ciudadela | H19: 24 | I19: 35 | J19: 35 | K19: 45 | L19: 22 | M19: 35 | N19: 254.8 | O19: 0 | P19: 0 | Q19: 0 | R19: COMPRAR | S19: 254.8 | T19: -59 | U19: GASTON VECCHIO | V19: =_xlfn.XMATCH(Tabla4[[#This Row],[EAN CORREGIDO]],'Calcular necesidad'!L:L) -> 24 | W19: =TRIM(Tabla4[[#This Row],[CodInternoArti]]) -> EMB000036
A20: 2006663 | B20: LIM000155 | C20: ROLLO ALUMINIO 45cm x 10mts | D20: PAPEL | E20: ROLLO INDUSTRIAL | F20: PAPEL ALUMINIO | G20: Ciudadela | H20: 2 | J20: 2 | L20: 2 | N20: 7.8 | O20: 0 | P20: 0 | Q20: 0 | R20: COMPRAR | S20: 7.8 | T20: -2 | U20: GASTON VECCHIO | V20: =_xlfn.XMATCH(Tabla4[[#This Row],[EAN CORREGIDO]],'Calcular necesidad'!L:L) -> 31 | W20: =TRIM(Tabla4[[#This Row],[CodInternoArti]]) -> LIM000155
A21: 2006209 | B21: 14044013A | C21: ROLLO PAPEL MANTECA | D21: PAPEL | E21: DESCARTABLES | F21: PAPEL MANTECA | G21: Ciudadela | I21: 4 | M21: 4 | N21: 10.4 | O21: 0 | P21: 0 | Q21: 0 | R21: COMPRAR | S21: 10.4 | T21: -4 | U21: GASTON VECCHIO | V21: =_xlfn.XMATCH(Tabla4[[#This Row],[EAN CORREGIDO]],'Calcular necesidad'!L:L) -> 22 | W21: =TRIM(Tabla4[[#This Row],[CodInternoArti]]) -> 14044013A
A22: 2006170 | B22: 14047009A | C22: SERVILLETA BCA 24X24 X1000U S/LOGO | D22: DESCARTABLES | E22: SERVILLETAS DESC S/LOGO | F22: SERVILLETA DESC S/LOGO | G22: Ciudadela | H22: 1 | K22: 3 | L22: 1 | N22: 6.5 | O22: 0 | P22: 0 | Q22: 0 | R22: COMPRAR | S22: 6.5 | T22: -1 | U22: GASTON VECCHIO | V22: =_xlfn.XMATCH(Tabla4[[#This Row],[EAN CORREGIDO]],'Calcular necesidad'!L:L) -> 18 | W22: =TRIM(Tabla4[[#This Row],[CodInternoArti]]) -> 14047009A
A23: 2006422 | B23: BAZ000387 | C23: DELANTALES DESCARTABLES X 100 | D23: DESCARTABLES | E23: DELANTALES DESCARTABLES | F23: DELANTAL DESCARTABLE | G23: Ciudadela | H23: 10 | I23: 10 | J23: 10 | K23: 11 | L23: 10 | M23: 10 | N23: 79.3 | O23: 0 | P23: 0 | Q23: 0 | R23: COMPRAR | S23: 79.3 | T23: -20 | U23: GASTON VECCHIO | V23: =_xlfn.XMATCH(Tabla4[[#This Row],[EAN CORREGIDO]],'Calcular necesidad'!L:L) -> 20 | W23: =TRIM(Tabla4[[#This Row],[CodInternoArti]]) -> BAZ000387
A24: 2006238 | B24: EMB000037 | C24: ROLLO_BOLSA_ARRANQUE_45_x_60 | D24: BOLSAS | E24: BOLSAS ARRANQUE | F24: BOLSAS ARRANQUE | G24: Ciudadela | H24: 3 | I24: 21 | J24: 3 | K24: 3 | L24: 3 | M24: 21 | N24: 70.2 | O24: 0 | P24: 0 | Q24: 0 | R24: COMPRAR | S24: 70.2 | T24: -24 | U24: GASTON VECCHIO | V24: =_xlfn.XMATCH(Tabla4[[#This Row],[EAN CORREGIDO]],'Calcular necesidad'!L:L) -> 27 | W24: =TRIM(Tabla4[[#This Row],[CodInternoArti]]) -> EMB000037
A25: 2007032 | B25: 17030002A | C25: GUANTES DE POLIPROPILENO x100U | D25: VARIOS | E25: GUANTES DE POLIPROPILENO | F25: GUANTE POLIPROPILENO | G25: Ciudadela | H25: 6 | I25: 3 | J25: 7 | K25: 4 | L25: 6 | M25: 3 | N25: 37.7 | O25: 0 | P25: 0 | Q25: 0 | R25: COMPRAR | S25: 37.7 | T25: -9 | U25: GASTON VECCHIO | V25: =_xlfn.XMATCH(Tabla4[[#This Row],[EAN CORREGIDO]],'Calcular necesidad'!L:L) -> 30 | W25: =TRIM(Tabla4[[#This Row],[CodInternoArti]]) -> 17030002A
A26: 2006740 | B26: 7796613305498 | C26: PLATOS DESCARTABLES X 50 UNID | D26: PLATOS | E26: PLATOS | F26: PLATOS DESCARTABLES | G26: Ciudadela | H26: 2 | I26: 2 | J26: 2 | K26: 2 | L26: 2 | M26: 2 | N26: 15.6 | O26: 0 | P26: 0 | Q26: 0 | R26: COMPRAR | S26: 15.6 | T26: -4 | U26: GASTON VECCHIO | V26: =_xlfn.XMATCH(Tabla4[[#This Row],[EAN CORREGIDO]],'Calcular necesidad'!L:L) -> 37 | W26: =TRIM(Tabla4[[#This Row],[CodInternoArti]]) -> 7796613305498
A27: 2006396 | B27: 17146007A | C27: PAPEL ALUMINIO x 1 KG | D27: PAPEL | E27: DESCARTABLES | F27: PAPEL ALUMINIO | G27: Ciudadela | H27: 12 | I27: 7 | J27: 8 | K27: 8 | L27: 11 | M27: 7 | N27: 68.9 | O27: 0 | P27: 0 | Q27: 0 | R27: COMPRAR | S27: 68.9 | T27: -19 | U27: GASTON VECCHIO | V27: =_xlfn.XMATCH(Tabla4[[#This Row],[EAN CORREGIDO]],'Calcular necesidad'!L:L) -> 26 | W27: =TRIM(Tabla4[[#This Row],[CodInternoArti]]) -> 17146007A
A28: NO SE ENCUENTRA EAN | B28: BAZ000524 | C28: DEGUSTADOR X 1000 U | D28: COCINA | E28: BAZAR | F28: DEGUSTADORES | G28: Ciudadela | J28: 2 | L28: 2 | N28: 5.2 | O28: 0 | P28: 0 | Q28: 0 | R28: COMPRAR | S28: 5.2 | T28: 0 | U28: GASTON VECCHIO | V28: =_xlfn.XMATCH(Tabla4[[#This Row],[EAN CORREGIDO]],'Calcular necesidad'!L:L) -> 195 | W28: =TRIM(Tabla4[[#This Row],[CodInternoArti]]) -> BAZ000524
A29: 2006272 | B29: EMB000035 | C29: ROLLO_BOLSA_ARRANQUE_35_x_45 | D29: BOLSAS | E29: BOLSAS ARRANQUE | F29: BOLSAS ARRANQUE | G29: Ciudadela | H29: 19 | I29: 18 | J29: 20 | K29: 19 | L29: 18 | M29: 18 | N29: 145.6 | O29: 0 | P29: 0 | Q29: 0 | R29: COMPRAR | S29: 145.6 | T29: -37 | U29: GASTON VECCHIO | V29: =_xlfn.XMATCH(Tabla4[[#This Row],[EAN CORREGIDO]],'Calcular necesidad'!L:L) -> 21 | W29: =TRIM(Tabla4[[#This Row],[CodInternoArti]]) -> EMB000035
A30: 2006143 | B30: EMB000034 | C30: ROLLO BOLSA ARRANQUE 20 x 25 | D30: BOLSAS | E30: BOLSAS ARRANQUE | F30: BOLSAS ARRANQUE | G30: Ciudadela | H30: 1 | I30: 1 | J30: 1 | K30: 2 | M30: 1 | N30: 7.8 | O30: 0 | P30: 0 | Q30: 0 | R30: COMPRAR | S30: 7.8 | T30: -2 | U30: GASTON VECCHIO | V30: =_xlfn.XMATCH(Tabla4[[#This Row],[EAN CORREGIDO]],'Calcular necesidad'!L:L) -> 34 | W30: =TRIM(Tabla4[[#This Row],[CodInternoArti]]) -> EMB000034
A31: 2006176 | B31: 7790321020206 | C31: CUCHILLO PLAST DESCARTABLE x 1000 U | D31: CUBIERTOS DESC | E31: CUCHILLOS | F31: CUCHILLOS | G31: Ciudadela | H31: 20 | I31: 37 | J31: 20 | K31: 38 | L31: 17 | M31: 36 | N31: 218.4 | O31: 0 | P31: 0 | Q31: 0 | R31: COMPRAR | S31: 218.4 | T31: -57 | U31: GASTON VECCHIO | V31: =_xlfn.XMATCH(Tabla4[[#This Row],[EAN CORREGIDO]],'Calcular necesidad'!L:L) -> 44 | W31: =TRIM(Tabla4[[#This Row],[CodInternoArti]]) -> 7790321020206
A32: 2006651 | B32: 7790321020256 | C32: TAPA 101 x 100 U | D32: TAPAS BAND DESC | E32: TAPAS PLASTICAS | F32: TAPA 101 | G32: Ciudadela | H32: 198 | I32: 205 | J32: 195 | K32: 218 | L32: 169 | M32: 192 | N32: 1530.1 | O32: 0 | P32: 0 | Q32: 0 | R32: COMPRAR | S32: 1530.1 | T32: -403 | U32: GASTON VECCHIO | V32: =_xlfn.XMATCH(Tabla4[[#This Row],[EAN CORREGIDO]],'Calcular necesidad'!L:L) -> 45 | W32: =TRIM(Tabla4[[#This Row],[CodInternoArti]]) -> 7790321020256
A33: 2006679 | B33: 7790321007512 | C33: BAND ALUM R3/F2275 X600U | D33: BANDEJAS DESC | E33: BANDEJAS ALUMINIO | F33: BAND ALUMINIO R3 | G33: Ciudadela | H33: 30 | I33: 30 | J33: 30 | K33: 30 | L33: 30 | M33: 30 | N33: 234 | O33: 0 | P33: 0 | Q33: 0 | R33: COMPRAR | S33: 234 | T33: -60 | U33: GASTON VECCHIO | V33: =_xlfn.XMATCH(Tabla4[[#This Row],[EAN CORREGIDO]],'Calcular necesidad'!L:L) -> 48 | W33: =TRIM(Tabla4[[#This Row],[CodInternoArti]]) -> 7790321007512
A34: 2006379 | B34: LIM000292 | C34: GUANTE NITRILO X100U | D34: GUANTES | E34: GUANTES NITRILO | F34: GUANTE NITRILO | G34: Ciudadela | H34: 21 | I34: 19 | J34: 11 | K34: 25 | M34: 12 | N34: 114.4 | O34: 0 | P34: 0 | Q34: 0 | R34: COMPRAR | S34: 114.4 | T34: -40 | U34: GASTON VECCHIO | V34: =_xlfn.XMATCH(Tabla4[[#This Row],[EAN CORREGIDO]],'Calcular necesidad'!L:L) -> 35 | W34: =TRIM(Tabla4[[#This Row],[CodInternoArti]]) -> LIM000292
A35: 2006427 | B35: 7790321020106 | C35: BANDEJAS PLASTICAS 101 x 100 U RECTANGULAR | D35: BANDEJAS DESC | E35: BANDEJAS PLASTICAS | F35: BAND 101 | G35: Ciudadela | H35: 51 | I35: 69 | J35: 72 | K35: 59 | L35: 77 | M35: 79 | N35: 529.1 | O35: 0 | P35: 0 | Q35: 0 | R35: COMPRAR | S35: 529.1 | T35: -120 | U35: GASTON VECCHIO | V35: =_xlfn.XMATCH(Tabla4[[#This Row],[EAN CORREGIDO]],'Calcular necesidad'!L:L) -> 40 | W35: =TRIM(Tabla4[[#This Row],[CodInternoArti]]) -> 7790321020106
A36: 2006410 | B36: 7790321020156 | C36: VO BOLSA CAMIS NEG 45X60X100UN | D36: BOLSAS | E36: BOLSAS CAMISETA | F36: BOLSAS CAMISETA | G36: Ciudadela | H36: 2 | I36: 2 | N36: 5.2 | O36: 0 | P36: 0 | Q36: 0 | R36: COMPRAR | S36: 5.2 | T36: -4 | U36: GASTON VECCHIO | V36: =_xlfn.XMATCH(Tabla4[[#This Row],[EAN CORREGIDO]],'Calcular necesidad'!L:L) -> 50 | W36: =TRIM(Tabla4[[#This Row],[CodInternoArti]]) -> 7790321020156
A37: 2006383 | B37: LIM000324 | C37: BARBIJOS X 100 U | D37: VARIOS | E37: DESCARTABLES | F37: BARBIJO DESCARTABLE | G37: Ciudadela | H37: 3 | I37: 14 | J37: 1 | K37: 4 | L37: 1 | M37: 4 | N37: 35.1 | O37: 0 | P37: 0 | Q37: 0 | R37: COMPRAR | S37: 35.1 | T37: -17 | U37: GASTON VECCHIO | V37: =_xlfn.XMATCH(Tabla4[[#This Row],[EAN CORREGIDO]],'Calcular necesidad'!L:L) -> 29 | W37: =TRIM(Tabla4[[#This Row],[CodInternoArti]]) -> LIM000324
A38: 2006424 | B38: 7790321006512 | C38: BAND. ALUMINIO R5/F2100x600 U | D38: BANDEJAS DESC | E38: BANDEJAS ALUMINIO | F38: BAND ALUMINIO R5 | G38: Ciudadela | H38: 2 | I38: 2 | J38: 2 | K38: 2 | L38: 2 | M38: 4 | N38: 18.2 | O38: 0 | P38: 0 | Q38: 0 | R38: COMPRAR | S38: 18.2 | T38: -4 | U38: GASTON VECCHIO | V38: =_xlfn.XMATCH(Tabla4[[#This Row],[EAN CORREGIDO]],'Calcular necesidad'!L:L) -> 52 | W38: =TRIM(Tabla4[[#This Row],[CodInternoArti]]) -> 7790321006512
A39: 2006489 | B39: EMB000038 | C39: ROLLO_BOLSA_ARRANQUE_60_x_90_ | D39: BOLSAS | E39: BOLSAS ARRANQUE | F39: BOLSAS ARRANQUE | G39: Ciudadela | H39: 9 | I39: 21 | J39: 29 | K39: 38 | L39: 9 | M39: 21 | N39: 165.1 | O39: 0 | P39: 0 | Q39: 0 | R39: COMPRAR | S39: 165.1 | T39: -30 | U39: GASTON VECCHIO | V39: =_xlfn.XMATCH(Tabla4[[#This Row],[EAN CORREGIDO]],'Calcular necesidad'!L:L) -> 28 | W39: =TRIM(Tabla4[[#This Row],[CodInternoArti]]) -> EMB000038
A40: 2006739 | B40: 7790321020237 | C40: MANTEL IND 40X30X1000U GL | D40: VARIOS | E40: DESCARTABLES | F40: MANTEL LOGO GL | G40: Ciudadela | J40: 1 | N40: 1.3 | O40: 0 | P40: 0 | Q40: 0 | R40: COMPRAR | S40: 1.3 | T40: 0 | U40: GASTON VECCHIO | V40: =_xlfn.XMATCH(Tabla4[[#This Row],[EAN CORREGIDO]],'Calcular necesidad'!L:L) -> 75 | W40: =TRIM(Tabla4[[#This Row],[CodInternoArti]]) -> 7790321020237
A41: 2006393 | B41: 7790321020326 | C41: TAPA VASO TERM 240 CC x 100 U | D41: TAPAS VASOS DESC | E41: TAPAS PLASTICAS | F41: TAPA VASO TERMICO 240CC | G41: Ciudadela | I41: 2 | J41: 2 | K41: 4 | M41: 2 | N41: 13 | O41: 0 | P41: 0 | Q41: 309 | R41: TRANSFERIR | S41: 0 | T41: -2 | U41: GASTON VECCHIO | V41: =_xlfn.XMATCH(Tabla4[[#This Row],[EAN CORREGIDO]],'Calcular necesidad'!L:L) -> 56 | W41: =TRIM(Tabla4[[#This Row],[CodInternoArti]]) -> 7790321020326
A42: 2006224 | B42: 7790321020146 | C42: BOLSA CAMISETA NEGRA 40X50X100U | D42: BOLSAS | E42: BOLSAS CAMISETA | F42: BOLSAS CAMISETA NEGRAS | G42: Ciudadela | H42: 3 | I42: 87 | K42: 75 | M42: 85 | N42: 325 | O42: 0 | P42: 0 | Q42: 0 | R42: COMPRAR | S42: 325 | T42: -90 | U42: GASTON VECCHIO | V42: =_xlfn.XMATCH(Tabla4[[#This Row],[EAN CORREGIDO]],'Calcular necesidad'!L:L) -> 64 | W42: =TRIM(Tabla4[[#This Row],[CodInternoArti]]) -> 7790321020146
A43: 2006778 | B43: 13014007A | C43: ESCARBADIENTE EN SOBRE x 1000 | D43: VARIOS | E43: ESCARBADIENTE | F43: ESCARBADIENTE DESCARTABLE | G43: Ciudadela | H43: 1 | I43: 2 | N43: 3.9 | O43: 0 | P43: 0 | Q43: 0 | R43: COMPRAR | S43: 3.9 | T43: -3 | U43: GASTON VECCHIO | V43: =_xlfn.XMATCH(Tabla4[[#This Row],[EAN CORREGIDO]],'Calcular necesidad'!L:L) -> 25 | W43: =TRIM(Tabla4[[#This Row],[CodInternoArti]]) -> 13014007A
A44: 2006220 | B44: 16208000A | C44: ROLLO DE BOLSA DE ARRANQUE 50 x 70 | D44: BOLSAS | E44: BOLSAS ARRANQUE | F44: BOLSAS ARRANQUE | G44: Ciudadela | H44: 5 | I44: 10 | J44: 5 | K44: 10 | L44: 5 | M44: 10 | N44: 58.5 | O44: 0 | P44: 0 | Q44: 0 | R44: COMPRAR | S44: 58.5 | T44: -15 | U44: GASTON VECCHIO | V44: =_xlfn.XMATCH(Tabla4[[#This Row],[EAN CORREGIDO]],'Calcular necesidad'!L:L) -> 13 | W44: =TRIM(Tabla4[[#This Row],[CodInternoArti]]) -> 16208000A
A45: 2006649 | B45: 7790321020176 | C45: CUCHARA PLAST POSTRE x 1000 U | D45: CUBIERTOS DESC | E45: CUCHARAS | F45: CUCHARAS | G45: Ciudadela | H45: 3 | I45: 6 | J45: 5 | K45: 9 | L45: 2 | M45: 6 | N45: 40.3 | O45: 0 | P45: 0 | Q45: 0 | R45: COMPRAR | S45: 40.3 | T45: -9 | U45: GASTON VECCHIO | V45: =_xlfn.XMATCH(Tabla4[[#This Row],[EAN CORREGIDO]],'Calcular necesidad'!L:L) -> 41 | W45: =TRIM(Tabla4[[#This Row],[CodInternoArti]]) -> 7790321020176
A46: 2006449 | B46: 7790321020186 | C46: CUCHARA SOPERA DESCARTABLE x 1000 U | D46: CUBIERTOS DESC | E46: CUCHARAS | F46: CUCHARAS | G46: Ciudadela | H46: 9 | I46: 9 | J46: 6 | K46: 10 | L46: 6 | M46: 9 | N46: 63.7 | O46: 36 | P46: 0 | Q46: 20 | R46: COMPRAR | S46: 7.7 | T46: 18 | U46: GASTON VECCHIO | V46: =_xlfn.XMATCH(Tabla4[[#This Row],[EAN CORREGIDO]],'Calcular necesidad'!L:L) -> 53 | W46: =TRIM(Tabla4[[#This Row],[CodInternoArti]]) -> 7790321020186
A47: 2006690 | B47: 7790321020526 | C47: SERVILLETA S/ LOGO 18X18X1000U | D47: SERVILLETAS DESC | E47: SERVILLETAS DESC S/LOGO | F47: SERVILLETA DESC S/LOGO | G47: Ciudadela | H47: 1 | I47: 3 | J47: 1 | K47: 3 | L47: 1 | M47: 3 | N47: 15.6 | O47: 0 | P47: 0 | Q47: 0 | R47: COMPRAR | S47: 15.6 | T47: -4 | U47: GASTON VECCHIO | V47: =_xlfn.XMATCH(Tabla4[[#This Row],[EAN CORREGIDO]],'Calcular necesidad'!L:L) -> 55 | W47: =TRIM(Tabla4[[#This Row],[CodInternoArti]]) -> 7790321020526
A48: 2006223 | B48: 7790321020126 | C48: BOLSA CAMISETA 50X60 X 100U RE | D48: BOLSAS | E48: BOLSAS CAMISETA | F48: BOLSA CAMISETA REFORZADA | G48: Moreno | I48: 5 | K48: 5 | M48: 5 | N48: 19.5 | O48: 0 | P48: 0 | Q48: 0 | R48: COMPRAR | S48: 19.5 | T48: -5 | U48: GASTON VECCHIO | V48: =_xlfn.XMATCH(Tabla4[[#This Row],[EAN CORREGIDO]],'Calcular necesidad'!L:L) -> 38 | W48: =TRIM(Tabla4[[#This Row],[CodInternoArti]]) -> 7790321020126
A49: 2006475 | B49: 7790321020346 | C49: VASO PLASTICO X180CC X100U | D49: VASOS | E49: VASOS PLASTICOS | F49: VASO PLASTICO | G49: Ciudadela | H49: 24 | I49: 27 | J49: 24 | K49: 34 | L49: 14 | M49: 25 | N49: 192.4 | O49: 0 | P49: 0 | Q49: 160 | R49: COMPRAR | S49: 32.4 | T49: -51 | U49: GASTON VECCHIO | V49: =_xlfn.XMATCH(Tabla4[[#This Row],[EAN CORREGIDO]],'Calcular necesidad'!L:L) -> 33 | W49: =TRIM(Tabla4[[#This Row],[CodInternoArti]]) -> 7790321020346
A50: 2006795 | B50: 7790321020066 | C50: BAND ALUMINIO R5/F2100 x 600 U | D50: BANDEJAS DESC | E50: BANDEJAS ALUMINIO | F50: BAND ALUMINIO R5 | G50: Ciudadela | I50: 1 | J50: 2 | K50: 3 | M50: 1 | N50: 9.1 | O50: 0 | P50: 0 | Q50: 477 | R50: TRANSFERIR | S50: 0 | T50: -1 | U50: GASTON VECCHIO | V50: =_xlfn.XMATCH(Tabla4[[#This Row],[EAN CORREGIDO]],'Calcular necesidad'!L:L) -> 72 | W50: =TRIM(Tabla4[[#This Row],[CodInternoArti]]) -> 7790321020066
A51: 2006391 | B51: 7790321020276 | C51: TAPA 103 x 50 U | D51: TAPAS BAND DESC | E51: TAPAS PLASTICAS | F51: TAPA 103 | G51: Ciudadela | H51: 93 | I51: 89 | J51: 95 | K51: 100 | L51: 90 | M51: 89 | N51: 722.8 | O51: 362 | P51: 0 | Q51: 0 | R51: COMPRAR | S51: 360.8 | T51: 180 | U51: GASTON VECCHIO | V51: =_xlfn.XMATCH(Tabla4[[#This Row],[EAN CORREGIDO]],'Calcular necesidad'!L:L) -> 73 | W51: =TRIM(Tabla4[[#This Row],[CodInternoArti]]) -> 7790321020276
A52: 2006476 | B52: 7790321020356 | C52: VASO PLASTICO x 220 CC X 100 U | D52: VASOS | E52: VASOS PLASTICOS | F52: VASO PLASTICO | G52: Ciudadela | H52: 9 | I52: 2 | J52: 2 | K52: 4 | M52: 2 | N52: 24.7 | O52: 0 | P52: 4 | Q52: 0 | R52: COMPRAR | S52: 20.7 | T52: -11 | U52: GASTON VECCHIO | V52: =_xlfn.XMATCH(Tabla4[[#This Row],[EAN CORREGIDO]],'Calcular necesidad'!L:L) -> 74 | W52: =TRIM(Tabla4[[#This Row],[CodInternoArti]]) -> 7790321020356
A53: 2006201 | B53: 7790321008512 | C53: TAPA ALUM R5/F2100x600U | D53: TAPAS BAND DESC | E53: TAPAS ALUMINIO | F53: TAPA ALUMINIO R5 | G53: Ciudadela | H53: 2 | I53: 2 | J53: 2 | K53: 2 | L53: 2 | M53: 4 | N53: 18.2 | O53: 0 | P53: 0 | Q53: 0 | R53: COMPRAR | S53: 18.2 | T53: -4 | U53: GASTON VECCHIO | V53: =_xlfn.XMATCH(Tabla4[[#This Row],[EAN CORREGIDO]],'Calcular necesidad'!L:L) -> 63 | W53: =TRIM(Tabla4[[#This Row],[CodInternoArti]]) -> 7790321008512
A54: 2006793 | B54: 7790321020316 | C54: TAPA DE VASO 300 X 100 U | D54: DESCARTABLES | E54: VASOS PLASTICOS | F54: TAPA VASO 300CC | G54: Ciudadela | H54: 5 | J54: 5 | L54: 5 | N54: 19.5 | O54: 0 | P54: 0 | Q54: 0 | R54: COMPRAR | S54: 19.5 | T54: -5 | U54: GASTON VECCHIO | V54: =_xlfn.XMATCH(Tabla4[[#This Row],[EAN CORREGIDO]],'Calcular necesidad'!L:L) -> 62 | W54: =TRIM(Tabla4[[#This Row],[CodInternoArti]]) -> 7790321020316
A55: 2006394 | B55: 7790321020396 | C55: VASO TERMICO X 240 CC X 25 U | D55: VASOS | E55: VASOS TERMICOS | F55: VASO TERMICO | G55: Ciudadela | H55: 696 | I55: 811 | J55: 831 | K55: 935 | L55: 702 | M55: 803 | N55: 6211.4 | O55: 0 | P55: 0 | Q55: 0 | R55: COMPRAR | S55: 6211.4 | T55: -1507 | U55: GASTON VECCHIO | V55: =_xlfn.XMATCH(Tabla4[[#This Row],[EAN CORREGIDO]],'Calcular necesidad'!L:L) -> 61 | W55: =TRIM(Tabla4[[#This Row],[CodInternoArti]]) -> 7790321020396
A56: 2006645 | B56: 7790321020047 | C56: BANDEJA 105 CUADRADA x 100 U | D56: BANDEJAS DESC | E56: BANDEJAS PLASTICAS | F56: BANDEJA 105 CUADRADA | G56: Ciudadela | H56: 1 | I56: 10 | K56: 10 | L56: 1 | M56: 10 | N56: 41.6 | O56: 0 | P56: 0 | Q56: 0 | R56: COMPRAR | S56: 41.6 | T56: -11 | U56: GASTON VECCHIO | V56: =_xlfn.XMATCH(Tabla4[[#This Row],[EAN CORREGIDO]],'Calcular necesidad'!L:L) -> 65 | W56: =TRIM(Tabla4[[#This Row],[CodInternoArti]]) -> 7790321020047
A57: 2006451 | B57: 7790321000063 | C57: ENS. CRISTAL TAPA x100U BANDEX | D57: TAPAS BAND DESC | E57: TAPAS PLASTICAS | F57: TAPA ENSALADERA | G57: Ciudadela | K57: 7 | N57: 9.1 | O57: 74 | P57: 0 | Q57: 185 | R57: OK | S57: 0 | T57: 74 | U57: GASTON VECCHIO | V57: =_xlfn.XMATCH(Tabla4[[#This Row],[EAN CORREGIDO]],'Calcular necesidad'!L:L) -> 76 | W57: =TRIM(Tabla4[[#This Row],[CodInternoArti]]) -> 7790321000063
A58: 2006865 | B58: EMB000055 | C58: ROLLO BOLSA ARRANQUE 40 x 50 | D58: BOLSAS | E58: BOLSAS ARRANQUE | F58: BOLSAS ARRANQUE | G58: Ciudadela | H58: 1 | L58: 1 | N58: 2.6 | O58: 0 | P58: 0 | Q58: 0 | R58: COMPRAR | S58: 2.6 | T58: -1 | U58: GASTON VECCHIO | V58: =_xlfn.XMATCH(Tabla4[[#This Row],[EAN CORREGIDO]],'Calcular necesidad'!L:L) -> 78 | W58: =TRIM(Tabla4[[#This Row],[CodInternoArti]]) -> EMB000055
A59: 2006644 | B59: EMB000042 | C59: BOLSA_PAPEL_MADERA_15x35x100U | D59: DESCARTABLES | E59: DESCARTABLES | F59: BOLSA PAPEL MADERA | G59: Ciudadela | H59: 15 | I59: 22 | J59: 22 | K59: 22 | L59: 24 | M59: 22 | N59: 165.1 | O59: 0 | P59: 0 | Q59: 0 | R59: COMPRAR | S59: 165.1 | T59: -37 | U59: GASTON VECCHIO | V59: =_xlfn.XMATCH(Tabla4[[#This Row],[EAN CORREGIDO]],'Calcular necesidad'!L:L) -> 32 | W59: =TRIM(Tabla4[[#This Row],[CodInternoArti]]) -> EMB000042
A60: 2006846 | B60: 7790321020904 | C60: COLLARIN CARTON 8/12 OZ X 100 | D60: DESCARTABLES | E60: COLLARINES | F60: COLLARIN CARTON | G60: Ciudadela | H60: 7 | L60: 7 | N60: 18.2 | O60: 20 | P60: 0 | Q60: 0 | R60: OK | S60: 0 | T60: 13 | U60: GASTON VECCHIO | V60: =_xlfn.XMATCH(Tabla4[[#This Row],[EAN CORREGIDO]],'Calcular necesidad'!L:L) -> 46 | W60: =TRIM(Tabla4[[#This Row],[CodInternoArti]]) -> 7790321020904
A61: 2006483 | B61: 7790321020529 | C61: SERVILLE BCA 33X33X1000U BLUE | D61: SERVILLETAS DESC | E61: SERVILLETAS DESC C/LOGO | F61: SERVILLETA DESC C/LOGO | G61: Ciudadela | H61: 4 | I61: 7 | J61: 12 | K61: 5 | L61: 9 | M61: 7 | N61: 57.2 | O61: 0 | P61: 0 | Q61: 0 | R61: COMPRAR | S61: 57.2 | T61: -11 | U61: GASTON VECCHIO | V61: =_xlfn.XMATCH(Tabla4[[#This Row],[EAN CORREGIDO]],'Calcular necesidad'!L:L) -> 82 | W61: =TRIM(Tabla4[[#This Row],[CodInternoArti]]) -> 7790321020529
A62: 2006426 | B62: 7790321020056 | C62: BAND ALUMINIO R3/F275 x 600 U | D62: BANDEJAS DESC | E62: BANDEJAS ALUMINIO | F62: BAND ALUMINIO R3 | G62: Ciudadela | H62: 4 | I62: 4 | J62: 4 | K62: 4 | N62: 20.8 | O62: 0 | P62: 0 | Q62: 0 | R62: COMPRAR | S62: 20.8 | T62: -8 | U62: GASTON VECCHIO | V62: =_xlfn.XMATCH(Tabla4[[#This Row],[EAN CORREGIDO]],'Calcular necesidad'!L:L) -> 57 | W62: =TRIM(Tabla4[[#This Row],[CodInternoArti]]) -> 7790321020056
A63: 2006684 | B63: 7790321020286 | C63: TAPA 105 RECT X 50 U | D63: TAPAS BAND DESC | E63: TAPAS PLASTICAS | F63: TAPA 105 | G63: Ciudadela | H63: 30 | I63: 42 | J63: 48 | K63: 62 | L63: 28 | M63: 42 | N63: 327.6 | O63: 155 | P63: 0 | Q63: 0 | R63: COMPRAR | S63: 172.6 | T63: 83 | U63: GASTON VECCHIO | V63: =_xlfn.XMATCH(Tabla4[[#This Row],[EAN CORREGIDO]],'Calcular necesidad'!L:L) -> 60 | W63: =TRIM(Tabla4[[#This Row],[CodInternoArti]]) -> 7790321020286
A64: 2006683 | B64: 7790321020336 | C64: TENEDOR DESCARTABLE x 1000 U | D64: CUBIERTOS DESC | E64: TENEDORES | F64: TENEDOR | G64: Ciudadela | H64: 21 | I64: 35 | J64: 21 | K64: 36 | L64: 16 | M64: 34 | N64: 211.9 | O64: 0 | P64: 0 | Q64: 0 | R64: COMPRAR | S64: 211.9 | T64: -56 | U64: GASTON VECCHIO | V64: =_xlfn.XMATCH(Tabla4[[#This Row],[EAN CORREGIDO]],'Calcular necesidad'!L:L) -> 51 | W64: =TRIM(Tabla4[[#This Row],[CodInternoArti]]) -> 7790321020336
A65: 2006682 | B65: 7790321020196 | C65: CUCHARA SUNDAE DESCARTABLE x 1000 U | D65: CUBIERTOS DESC | E65: CUCHARAS | F65: CUCHARAS | G65: Ciudadela | H65: 28 | I65: 40 | J65: 24 | K65: 26 | L65: 21 | M65: 36 | N65: 227.5 | O65: 0 | P65: 0 | Q65: 15 | R65: COMPRAR | S65: 212.5 | T65: -68 | U65: GASTON VECCHIO | V65: =_xlfn.XMATCH(Tabla4[[#This Row],[EAN CORREGIDO]],'Calcular necesidad'!L:L) -> 54 | W65: =TRIM(Tabla4[[#This Row],[CodInternoArti]]) -> 7790321020196
A66: 2006652 | B66: 7790321020266 | C66: TAPA 102 x 50 U | D66: TAPAS BAND DESC | E66: TAPAS PLASTICAS | F66: TAPA 102 | G66: Ciudadela | H66: 150 | I66: 170 | J66: 184 | K66: 210 | L66: 154 | M66: 180 | N66: 1362.4 | O66: 119 | P66: 0 | Q66: 612 | R66: COMPRAR | S66: 631.4 | T66: -201 | U66: GASTON VECCHIO | V66: =_xlfn.XMATCH(Tabla4[[#This Row],[EAN CORREGIDO]],'Calcular necesidad'!L:L) -> 69 | W66: =TRIM(Tabla4[[#This Row],[CodInternoArti]]) -> 7790321020266
A67: 2006827 | B67: 7790321020306 | C67: TAPA ALUMINIO R5/F2100 x 400 U | D67: TAPAS BAND DESC | E67: TAPAS ALUMINIO | F67: TAPA ALUMINIO R5 | G67: Ciudadela | J67: 2 | K67: 2 | N67: 5.2 | O67: 8 | P67: 0 | Q67: 65 | R67: OK | S67: 0 | T67: 8 | U67: GASTON VECCHIO | V67: =_xlfn.XMATCH(Tabla4[[#This Row],[EAN CORREGIDO]],'Calcular necesidad'!L:L) -> 70 | W67: =TRIM(Tabla4[[#This Row],[CodInternoArti]]) -> 7790321020306
A68: 2006678 | B68: LIM000461 | C68: BARBIJO N95 X 100U | D68: DESCARTABLES | E68: DESCARTABLES | F68: BARBIJO DESCARTABLE | G68: Ciudadela | H68: 20 | I68: 20 | J68: 20 | K68: 20 | L68: 20 | M68: 20 | N68: 156 | O68: 0 | P68: 0 | Q68: 0 | R68: COMPRAR | S68: 156 | T68: -40 | U68: GASTON VECCHIO | V68: =_xlfn.XMATCH(Tabla4[[#This Row],[EAN CORREGIDO]],'Calcular necesidad'!L:L) -> 68 | W68: =TRIM(Tabla4[[#This Row],[CodInternoArti]]) -> LIM000461
A69: 2006633 | B69: 7790321123456 | C69: PALITO BROCHETTE 25CM X80U | D69: VARIOS | E69: PALITO BROCHETE | F69: PALITO BROCHETE | G69: Ciudadela | I69: 3 | J69: 2 | M69: 1 | N69: 7.8 | O69: 13 | P69: 0 | Q69: 29 | R69: OK | S69: 0 | T69: 10 | U69: GASTON VECCHIO | V69: =_xlfn.XMATCH(Tabla4[[#This Row],[EAN CORREGIDO]],'Calcular necesidad'!L:L) -> 224 | W69: =TRIM(Tabla4[[#This Row],[CodInternoArti]]) -> 7790321123456
A70: 2006472 | B70: 7790321020328 | C70: TAPA VASO TERMICO 300CC X100U | D70: TAPAS VASOS DESC | E70: TAPAS PLASTICAS | F70: TAPA VASO 300CC | G70: Ciudadela | H70: 5 | I70: 5 | J70: 5 | K70: 5 | L70: 5 | M70: 5 | N70: 39 | O70: 19 | P70: 0 | Q70: 0 | R70: COMPRAR | S70: 20 | T70: 9 | U70: GASTON VECCHIO | V70: =_xlfn.XMATCH(Tabla4[[#This Row],[EAN CORREGIDO]],'Calcular necesidad'!L:L) -> 84 | W70: =TRIM(Tabla4[[#This Row],[CodInternoArti]]) -> 7790321020328
A71: 2006638 | B71: LIM000462 | C71: BARBIJO QUIRURGICO X 50 U | D71: VARIOS | E71: DESCARTABLES | F71: BARBIJO DESCARTABLE | G71: Ciudadela | H71: 33 | I71: 31 | J71: 37 | K71: 32 | L71: 31 | M71: 31 | N71: 253.5 | O71: 0 | P71: 0 | Q71: 0 | R71: COMPRAR | S71: 253.5 | T71: -64 | U71: GASTON VECCHIO | V71: =_xlfn.XMATCH(Tabla4[[#This Row],[EAN CORREGIDO]],'Calcular necesidad'!L:L) -> 66 | W71: =TRIM(Tabla4[[#This Row],[CodInternoArti]]) -> LIM000462
A72: 2006175 | B72: 7790321020116 | C72: BANDEJAS PLASTICAS 102 x 100 U | D72: BANDEJAS DESC | E72: BANDEJAS PLASTICAS | F72: BAND 102 | G72: Ciudadela | H72: 27 | I72: 34 | J72: 24 | K72: 30 | L72: 49 | M72: 62 | N72: 293.8 | O72: 0 | P72: 0 | Q72: 0 | R72: COMPRAR | S72: 293.8 | T72: -61 | U72: GASTON VECCHIO | V72: =_xlfn.XMATCH(Tabla4[[#This Row],[EAN CORREGIDO]],'Calcular necesidad'!L:L) -> 67 | W72: =TRIM(Tabla4[[#This Row],[CodInternoArti]]) -> 7790321020116
A73: 2006153 | B73: 7790321020406 | C73: VASO TERMICO x 300 X 25 U | D73: VASOS | E73: VASOS TERMICOS | F73: VASO TERMICO | G73: Ciudadela | H73: 81 | I73: 52 | J73: 81 | K73: 52 | L73: 81 | M73: 52 | N73: 518.7 | O73: 0 | P73: 0 | Q73: 1 | R73: COMPRAR | S73: 517.7 | T73: -133 | U73: GASTON VECCHIO | V73: =_xlfn.XMATCH(Tabla4[[#This Row],[EAN CORREGIDO]],'Calcular necesidad'!L:L) -> 71 | W73: =TRIM(Tabla4[[#This Row],[CodInternoArti]]) -> 7790321020406
A74: 2006452 | B74: 7790231050180 | C74: TAPA DEGUSTADOR X 2000U | D74: TAPAS VASOS DESC | E74: TAPAS PLASTICAS | F74: TAPA DEGUSTADOR | G74: Ciudadela | H74: 1 | J74: 1 | N74: 2.6 | O74: 0 | P74: 0 | Q74: 0 | R74: COMPRAR | S74: 2.6 | T74: -1 | U74: GASTON VECCHIO | V74: =_xlfn.XMATCH(Tabla4[[#This Row],[EAN CORREGIDO]],'Calcular necesidad'!L:L) -> 227 | W74: =TRIM(Tabla4[[#This Row],[CodInternoArti]]) -> 7790231050180
A75: 2006653 | B75: 7790321020287 | C75: TAPA 105 RECT x 100U | D75: TAPAS BAND DESC | E75: TAPAS PLASTICAS | F75: TAPA 105 | G75: Ciudadela | I75: 3 | K75: 11 | M75: 3 | N75: 22.1 | O75: 0 | P75: 0 | Q75: 0 | R75: COMPRAR | S75: 22.1 | T75: -3 | U75: GASTON VECCHIO | V75: =_xlfn.XMATCH(Tabla4[[#This Row],[EAN CORREGIDO]],'Calcular necesidad'!L:L) -> 105 | W75: =TRIM(Tabla4[[#This Row],[CodInternoArti]]) -> 7790321020287
A76: 2006482 | B76: 140470001 | C76: SERVILLETA 21 x 21 x 2000 U | D76: SERVILLETAS DESC | E76: SERVILLETAS DESC S/LOGO | F76: SERVILLETA DESC S/LOGO | G76: Ciudadela | H76: 2 | I76: 6 | J76: 1 | K76: 2 | M76: 1 | N76: 15.6 | O76: 0 | P76: 0 | Q76: 0 | R76: COMPRAR | S76: 15.6 | T76: -8 | U76: GASTON VECCHIO | V76: =_xlfn.XMATCH(Tabla4[[#This Row],[EAN CORREGIDO]],'Calcular necesidad'!L:L) -> 193 | W76: =TRIM(Tabla4[[#This Row],[CodInternoArti]]) -> 140470001
A77: 2006661 | B77: 7798188651181 | C77: PAPEL HAMBUR ALUMINIO X116U | D77: PAPEL | E77: PAPEL ALUMINIO | F77: PAPEL ALUMINIO HAMBURGUESA | G77: Ciudadela | H77: 3 | K77: 1 | N77: 5.2 | O77: 0 | P77: 0 | Q77: 0 | R77: COMPRAR | S77: 5.2 | T77: -3 | U77: GASTON VECCHIO | V77: =_xlfn.XMATCH(Tabla4[[#This Row],[EAN CORREGIDO]],'Calcular necesidad'!L:L) -> 91 | W77: =TRIM(Tabla4[[#This Row],[CodInternoArti]]) -> 7798188651181
A78: 2006388 | B78: 7790321020291 | C78: BANDEJA 103 X100U CELPAK | D78: BANDEJAS DESC | E78: BANDEJAS PLASTICAS | F78: BAND 103 | G78: Ciudadela | I78: 2 | K78: 1 | M78: 2 | N78: 6.5 | O78: 0 | P78: 0 | Q78: 0 | R78: COMPRAR | S78: 6.5 | T78: -2 | U78: GASTON VECCHIO | V78: =_xlfn.XMATCH(Tabla4[[#This Row],[EAN CORREGIDO]],'Calcular necesidad'!L:L) -> 93 | W78: =TRIM(Tabla4[[#This Row],[CodInternoArti]]) -> 7790321020291
A79: NO SE ENCUENTRA EAN | B79: BAZ000525 | C79: DEGUSTADOR X 2000U | D79: COCINA | E79: BAZAR | F79: DEGUSTADORES | G79: Ciudadela | H79: 1 | J79: 1 | N79: 2.6 | O79: 0 | P79: 0 | Q79: 0 | R79: COMPRAR | S79: 2.6 | T79: -1 | U79: GASTON VECCHIO | V79: =_xlfn.XMATCH(Tabla4[[#This Row],[EAN CORREGIDO]],'Calcular necesidad'!L:L) -> 168 | W79: =TRIM(Tabla4[[#This Row],[CodInternoArti]]) -> BAZ000525
A80: 2006796 | B80: 7790321130874 | C80: ENS CRISTAL BASE x100U PLASTIV | D80: BANDEJAS DESC | E80: BANDEJAS PLASTICAS | F80: ENSALADERA CRISTAL | G80: Ciudadela | I80: 1 | K80: 7 | M80: 1 | N80: 11.7 | O80: 0 | P80: 0 | Q80: 65 | R80: TRANSFERIR | S80: 0 | T80: -1 | U80: GASTON VECCHIO | V80: =_xlfn.XMATCH(Tabla4[[#This Row],[EAN CORREGIDO]],'Calcular necesidad'!L:L) -> 96 | W80: =TRIM(Tabla4[[#This Row],[CodInternoArti]]) -> 7790321130874
A81: 2006637 | B81: 7790321020530 | C81: MANTEL IND 40X30X1000U NUTRIRE | D81: VARIOS | E81: DESCARTABLES | F81: MANTEL LOGO NUTRIRE | G81: Ciudadela | H81: 2 | I81: 1 | J81: 3 | K81: 2 | L81: 2 | N81: 13 | O81: 28 | P81: 0 | Q81: 95 | R81: OK | S81: 0 | T81: 25 | U81: GASTON VECCHIO | V81: =_xlfn.XMATCH(Tabla4[[#This Row],[EAN CORREGIDO]],'Calcular necesidad'!L:L) -> 231 | W81: =TRIM(Tabla4[[#This Row],[CodInternoArti]]) -> 7790321020530
A82: 2006355 | B82: 7790122000219 | C82: ESCARBADIENTES ENSOBRADOS X 1000U | D82: VARIOS | E82: ESCARBADIENTE | F82: ESCARBADIENTE DESCARTABLE | G82: Ciudadela | J82: 1 | N82: 1.3 | O82: 0 | P82: 0 | Q82: 0 | R82: COMPRAR | S82: 1.3 | T82: 0 | U82: GASTON VECCHIO | V82: =_xlfn.XMATCH(Tabla4[[#This Row],[EAN CORREGIDO]],'Calcular necesidad'!L:L) -> 85 | W82: =TRIM(Tabla4[[#This Row],[CodInternoArti]]) -> 7790122000219
A83: 2006180 | B83: 7790321020408 | C83: VASO PLASTICO X180CCX100U | D83: VASOS | E83: VASOS PLASTICOS | F83: VASO PLASTICO | G83: Ciudadela | H83: 56 | I83: 62 | J83: 62 | K83: 71 | L83: 53 | M83: 62 | N83: 475.8 | O83: 9 | P83: 0 | Q83: 0 | R83: COMPRAR | S83: 466.8 | T83: -109 | U83: GASTON VECCHIO | V83: =_xlfn.XMATCH(Tabla4[[#This Row],[EAN CORREGIDO]],'Calcular necesidad'!L:L) -> 86 | W83: =TRIM(Tabla4[[#This Row],[CodInternoArti]]) -> 7790321020408
A84: 2006676 | B84: 7790321020996 | C84: BOLSA POLIPROPILENO 25X35X100U | D84: DESCARTABLES | E84: BOLSA PROPILENO | F84: BOLSA PROPILENO | G84: Ciudadela | H84: 1 | I84: 1 | J84: 1 | K84: 1 | L84: 1 | M84: 1 | N84: 7.8 | O84: 0 | P84: 0 | Q84: 80 | R84: TRANSFERIR | S84: 0 | T84: -2 | U84: GASTON VECCHIO | V84: =_xlfn.XMATCH(Tabla4[[#This Row],[EAN CORREGIDO]],'Calcular necesidad'!L:L) -> 99 | W84: =TRIM(Tabla4[[#This Row],[CodInternoArti]]) -> 7790321020996
A85: 2006269 | B85: 7797749103867 | C85: GUANTE LATEX XL X 100U MEDIGLOVE | D85: VARIOS | E85: DESCARTABLES | F85: GUANTE LATEX | G85: Ciudadela | H85: 27 | I85: 26 | J85: 19 | K85: 27 | L85: 15 | M85: 26 | N85: 182 | O85: 0 | P85: 0 | Q85: 0 | R85: COMPRAR | S85: 182 | T85: -53 | U85: GASTON VECCHIO | V85: =_xlfn.XMATCH(Tabla4[[#This Row],[EAN CORREGIDO]],'Calcular necesidad'!L:L) -> 98 | W85: =TRIM(Tabla4[[#This Row],[CodInternoArti]]) -> 7797749103867
A86: 2006471 | B86: 7790321020288 | C86: TAPA 102 X 100U | D86: TAPAS BAND DESC | E86: TAPAS PLASTICAS | F86: TAPA 102 | G86: Ciudadela | H86: 33 | I86: 31 | J86: 28 | K86: 32 | L86: 25 | M86: 26 | N86: 227.5 | O86: 0 | P86: 0 | Q86: 0 | R86: COMPRAR | S86: 227.5 | T86: -64 | U86: GASTON VECCHIO | V86: =_xlfn.XMATCH(Tabla4[[#This Row],[EAN CORREGIDO]],'Calcular necesidad'!L:L) -> 232 | W86: =TRIM(Tabla4[[#This Row],[CodInternoArti]]) -> 7790321020288
A87: 2006801 | B87: 7790321284502 | C87: SERVILLETA BCA 18X18X2000U BLUE | D87: SERVILLETAS DESC | E87: SERVILLETAS DESC C/LOGO | F87: SERVILLETA DESC C/LOGO | G87: Ciudadela | H87: 33 | I87: 12 | J87: 13 | K87: 19 | L87: 4 | M87: 12 | N87: 120.9 | O87: 0 | P87: 0 | Q87: 0 | R87: COMPRAR | S87: 120.9 | T87: -45 | U87: GASTON VECCHIO | V87: =_xlfn.XMATCH(Tabla4[[#This Row],[EAN CORREGIDO]],'Calcular necesidad'!L:L) -> 233 | W87: =TRIM(Tabla4[[#This Row],[CodInternoArti]]) -> 7790321284502
A88: 2006692 | B88: 7790321020992 | C88: BOLSA CUBIERTOS 10x 25 x100 U | D88: BOLSAS | E88: BOLSAS CUBIERTERAS | F88: BOLSAS CUBIERTOS | G88: Ciudadela | H88: 41 | I88: 29 | J88: 47 | K88: 41 | L88: 35 | M88: 29 | N88: 288.6 | O88: 0 | P88: 0 | Q88: 0 | R88: COMPRAR | S88: 288.6 | T88: -70 | U88: GASTON VECCHIO | V88: =_xlfn.XMATCH(Tabla4[[#This Row],[EAN CORREGIDO]],'Calcular necesidad'!L:L) -> 88 | W88: =TRIM(Tabla4[[#This Row],[CodInternoArti]]) -> 7790321020992
A89: 2006206 | B89: 7790321020388 | C89: VASO CRISTAL X325CCX860U | D89: VASOS | E89: VASOS PLASTICOS | F89: VASO PLAST CRIST 325CC | G89: Ciudadela | I89: 1 | J89: 1 | M89: 1 | N89: 3.9 | O89: 0 | P89: 0 | Q89: 0 | R89: COMPRAR | S89: 3.9 | T89: -1 | U89: GASTON VECCHIO | V89: =_xlfn.XMATCH(Tabla4[[#This Row],[EAN CORREGIDO]],'Calcular necesidad'!L:L) -> 81 | W89: =TRIM(Tabla4[[#This Row],[CodInternoArti]]) -> 7790321020388
A90: 2006680 | B90: 7790321020086 | C90: BANDEJA PLASTICA 103 x 100 U | D90: BANDEJAS DESC | E90: BANDEJAS PLASTICAS | F90: BAND 103 | G90: Ciudadela | H90: 141 | I90: 145 | J90: 108 | K90: 100 | L90: 97 | M90: 106 | N90: 906.1 | O90: 0 | P90: 0 | Q90: 0 | R90: COMPRAR | S90: 906.1 | T90: -286 | U90: GASTON VECCHIO | V90: =_xlfn.XMATCH(Tabla4[[#This Row],[EAN CORREGIDO]],'Calcular necesidad'!L:L) -> 43 | W90: =TRIM(Tabla4[[#This Row],[CodInternoArti]]) -> 7790321020086
A91: 2006681 | B91: 7790321020096 | C91: BAND PLASTICA 105 X100U COTNYL | D91: BANDEJAS DESC | E91: BANDEJAS PLASTICAS | F91: BANDEJA 105 CUADRADA | G91: Ciudadela | H91: 43 | I91: 66 | J91: 52 | K91: 57 | L91: 46 | M91: 64 | N91: 426.4 | O91: 0 | P91: 0 | Q91: 0 | R91: COMPRAR | S91: 426.4 | T91: -109 | U91: GASTON VECCHIO | V91: =_xlfn.XMATCH(Tabla4[[#This Row],[EAN CORREGIDO]],'Calcular necesidad'!L:L) -> 49 | W91: =TRIM(Tabla4[[#This Row],[CodInternoArti]]) -> 7790321020096
A92: 2006798 | B92: 7790321020296 | C92: TAPA ALUMINIO R3/F275 x 600 U | D92: TAPAS BAND DESC | E92: TAPAS ALUMINIO | F92: TAPA ALUMINIO R3 | G92: Ciudadela | H92: 4 | I92: 4 | J92: 4 | K92: 4 | L92: 4 | M92: 4 | N92: 31.2 | O92: 0 | P92: 0 | Q92: 0 | R92: COMPRAR | S92: 31.2 | T92: -8 | U92: GASTON VECCHIO | V92: =_xlfn.XMATCH(Tabla4[[#This Row],[EAN CORREGIDO]],'Calcular necesidad'!L:L) -> 58 | W92: =TRIM(Tabla4[[#This Row],[CodInternoArti]]) -> 7790321020296
A93: 2006202 | B93: 7790321009512 | C93: TAPA ALUM R3/F275x1000u W.PLAS | D93: TAPAS BAND DESC | E93: TAPAS ALUMINIO | F93: TAPA ALUMINIO R3 | G93: Ciudadela | H93: 18 | I93: 18 | J93: 18 | K93: 18 | L93: 18 | M93: 18 | N93: 140.4 | O93: 0 | P93: 0 | Q93: 0 | R93: COMPRAR | S93: 140.4 | T93: -36 | U93: GASTON VECCHIO | V93: =_xlfn.XMATCH(Tabla4[[#This Row],[EAN CORREGIDO]],'Calcular necesidad'!L:L) -> 59 | W93: =TRIM(Tabla4[[#This Row],[CodInternoArti]]) -> 7790321009512
A94: 2006219 | B94: 7790321020533 | C94: SERVILLETA BLANCA 33X33X1000U NUTRIRE | D94: SERVILLETAS DESC | E94: SERVILLETAS DESC C/LOGO | F94: SERVILLETA DESC C/LOGO | G94: Ciudadela | H94: 7 | I94: 12 | J94: 8 | K94: 10 | L94: 7 | M94: 12 | N94: 72.8 | O94: 0 | P94: 0 | Q94: 0 | R94: COMPRAR | S94: 72.8 | T94: -19 | U94: GASTON VECCHIO | V94: =_xlfn.XMATCH(Tabla4[[#This Row],[EAN CORREGIDO]],'Calcular necesidad'!L:L) -> 113 | W94: =TRIM(Tabla4[[#This Row],[CodInternoArti]]) -> 7790321020533
A95: 2006233 | B95: PS0241 | C95: SERVILLETA BAR X 10000U BARMAN | D95: SERVILLETAS DESC | E95: SERVILLETAS DESC S/LOGO | F95: SERVILLETA BAR | G95: Ciudadela | K95: 5 | N95: 6.5 | O95: 0 | P95: 0 | Q95: 0 | R95: COMPRAR | S95: 6.5 | T95: 0 | U95: GASTON VECCHIO | V95: =_xlfn.XMATCH(Tabla4[[#This Row],[EAN CORREGIDO]],'Calcular necesidad'!L:L) -> 128 | W95: =TRIM(Tabla4[[#This Row],[CodInternoArti]]) -> PS0241
A96: 2006441 | B96: 7797390190505 | C96: ANTORCHITAS X24U | D96: ACCESORIOS VARIOS | E96: ACCESORIOS VARIOS | F96: ANTORCHITA | G96: Ciudadela | I96: 2 | J96: 1 | K96: 3 | M96: 1 | N96: 9.1 | O96: 60 | P96: 0 | Q96: 26 | R96: OK | S96: 0 | T96: 58 | U96: GASTON VECCHIO | V96: =_xlfn.XMATCH(Tabla4[[#This Row],[EAN CORREGIDO]],'Calcular necesidad'!L:L) -> 83 | W96: =TRIM(Tabla4[[#This Row],[CodInternoArti]]) -> 7797390190505
A97: 2006218 | B97: 7790321020532 | C97: SERVILLE BCA 18X18X1000U NUTRIRE | D97: SERVILLETAS DESC | E97: SERVILLETAS DESC C/LOGO | F97: SERVILLETA DESC C/LOGO | G97: Ciudadela | H97: 1 | J97: 1 | L97: 1 | N97: 3.9 | O97: 0 | P97: 0 | Q97: 0 | R97: COMPRAR | S97: 3.9 | T97: -1 | U97: GASTON VECCHIO | V97: =_xlfn.XMATCH(Tabla4[[#This Row],[EAN CORREGIDO]],'Calcular necesidad'!L:L) -> 97 | W97: =TRIM(Tabla4[[#This Row],[CodInternoArti]]) -> 7790321020532
A98: 2006453 | B98: 7790321020390 | C98: TAPA DOMO SORBETE X800U | D98: TAPAS VASOS DESC | E98: TAPAS PLASTICAS | F98: TAPA VASO | G98: Ciudadela | H98: 3 | I98: 3 | L98: 2 | M98: 2 | N98: 13 | O98: 0 | P98: 0 | Q98: 0 | R98: COMPRAR | S98: 13 | T98: -6 | U98: GASTON VECCHIO | V98: =_xlfn.XMATCH(Tabla4[[#This Row],[EAN CORREGIDO]],'Calcular necesidad'!L:L) -> 94 | W98: =TRIM(Tabla4[[#This Row],[CodInternoArti]]) -> 7790321020390
A99: 2007090 | B99: 7798161675702 | C99: GL_GUANTE LATEX L X100UN EUROMIX | D99: VARIOS | E99: DESCARTABLES | F99: GUANTE LATEX | G99: Ciudadela | H99: 56 | I99: 71 | J99: 51 | K99: 133 | L99: 31 | M99: 81 | N99: 549.9 | O99: 58 | P99: 0 | Q99: 0 | R99: COMPRAR | S99: 491.9 | T99: -69 | U99: GASTON VECCHIO | V99: =_xlfn.XMATCH(Tabla4[[#This Row],[EAN CORREGIDO]],'Calcular necesidad'!L:L) -> 129 | W99: =TRIM(Tabla4[[#This Row],[CodInternoArti]]) -> 7798161675702
A100: 2006635 | B100: 9992017100464 | C100: FILM APTO TEMP 38X1000M XU RESIMAX | D100: VARIOS | E100: RESINITE | F100: RESINITE APTO TEMPERATURA | G100: Ciudadela | H100: 23 | I100: 23 | J100: 35 | K100: 33 | L100: 12 | M100: 21 | N100: 191.1 | O100: 0 | P100: 0 | Q100: 0 | R100: COMPRAR | S100: 191.1 | T100: -46 | U100: GASTON VECCHIO | V100: =_xlfn.XMATCH(Tabla4[[#This Row],[EAN CORREGIDO]],'Calcular necesidad'!L:L) -> 118 | W100: =TRIM(Tabla4[[#This Row],[CodInternoArti]]) -> 9992017100464
...

Sheet Calcular necesidad
A1: Esta en "Tablar articulos"? | B1: "Necesidad x Familia"? | C1: CodInternoArti | D1: DescripcionArti | E1: Familia | F1: UM | G1: Moreno | H1: Ciudadela | I1: CD Moreno 2 | J1: Operador interior | K1: CD Moreno 3 | L1: Ean Corregido
A2: =IF(ISNUMBER(_xlfn.XMATCH(Tabla3[[#This Row],[CodInternoArti]],'Tabla Articulos'!B:B)),"OK","NO ESTA") -> OK | B2: =IF(ISNUMBER(_xlfn.XMATCH('Calcular necesidad'!E:E,'Necesidad por familia'!A:A)),"OK","NO ESTA") -> OK | C2: 13044000A | D2: RESINITE (FILM DE PVC) x ROLLO | E2: =_xlfn.XLOOKUP(C2,'Tabla Articulos'!B:B,'Tabla Articulos'!D:D) -> FILM PVC 38 | F2: =_xlfn.XLOOKUP(C2,'Tabla Articulos'!B:B,'Tabla Articulos'!E:E) -> 1 | G2: =SUM( SUMIFS(MRP!$H$2:$H$221, MRP!$B$2:$B$221, $C2, MRP!$G$2:$G$221, G$1), SUMIFS(MRP!$I$2:$I$221, MRP!$B$2:$B$221, $C2, MRP!$G$2:$G$221, G$1), SUMIFS(MRP!$J$2:$J$221, MRP!$B$2:$B$221, $C2, MRP!$G$2:$G$221, G$1), SUMIFS(MRP!$K$2:$K$221, MRP!$B$2:$B$221, $C2, MRP!$G$2:$G$221, G$1), SUMIFS(MRP!$L$2:$L$221, MRP!$B$2:$B$221, $C2, MRP!$G$2:$G$221, G$1) )*F2 -> 0 | H2: =SUM( SUMIFS(MRP!$H$2:$H$221, MRP!$B$2:$B$221, $C2, MRP!$G$2:$G$221, H$1), SUMIFS(MRP!$I$2:$I$221, MRP!$B$2:$B$221, $C2, MRP!$G$2:$G$221, H$1), SUMIFS(MRP!$J$2:$J$221, MRP!$B$2:$B$221, $C2, MRP!$G$2:$G$221, H$1), SUMIFS(MRP!$K$2:$K$221, MRP!$B$2:$B$221, $C2, MRP!$G$2:$G$221, H$1), SUMIFS(MRP!$L$2:$L$221, MRP!$B$2:$B$221, $C2, MRP!$G$2:$G$221, H$1) )*F2 -> 229 | I2: =SUM( SUMIFS(MRP!$H$2:$H$221, MRP!$B$2:$B$221, $C2, MRP!$G$2:$G$221, I$1), SUMIFS(MRP!$I$2:$I$221, MRP!$B$2:$B$221, $C2, MRP!$G$2:$G$221, I$1), SUMIFS(MRP!$J$2:$J$221, MRP!$B$2:$B$221, $C2, MRP!$G$2:$G$221, I$1), SUMIFS(MRP!$K$2:$K$221, MRP!$B$2:$B$221, $C2, MRP!$G$2:$G$221, I$1), SUMIFS(MRP!$L$2:$L$221, MRP!$B$2:$B$221, $C2, MRP!$G$2:$G$221, I$1) )*F2 -> 0 | J2: =SUM( SUMIFS(MRP!$H$2:$H$221, MRP!$B$2:$B$221, $C2, MRP!$G$2:$G$221, J$1), SUMIFS(MRP!$I$2:$I$221, MRP!$B$2:$B$221, $C2, MRP!$G$2:$G$221, J$1), SUMIFS(MRP!$J$2:$J$221, MRP!$B$2:$B$221, $C2, MRP!$G$2:$G$221, J$1), SUMIFS(MRP!$K$2:$K$221, MRP!$B$2:$B$221, $C2, MRP!$G$2:$G$221, J$1), SUMIFS(MRP!$L$2:$L$221, MRP!$B$2:$B$221, $C2, MRP!$G$2:$G$221, J$1) )*F2 -> 0 | K2: =SUM( SUMIFS(MRP!$H$2:$H$221, MRP!$B$2:$B$221, $C2, MRP!$G$2:$G$221, K$1), SUMIFS(MRP!$I$2:$I$221, MRP!$B$2:$B$221, $C2, MRP!$G$2:$G$221, K$1), SUMIFS(MRP!$J$2:$J$221, MRP!$B$2:$B$221, $C2, MRP!$G$2:$G$221, K$1), SUMIFS(MRP!$K$2:$K$221, MRP!$B$2:$B$221, $C2, MRP!$G$2:$G$221, K$1), SUMIFS(MRP!$L$2:$L$221, MRP!$B$2:$B$221, $C2, MRP!$G$2:$G$221, K$1) )*F2 -> 0 | L2: =TRIM(Tabla3[[#This Row],[CodInternoArti]]) -> 13044000A
A3: =IF(ISNUMBER(_xlfn.XMATCH(Tabla3[[#This Row],[CodInternoArti]],'Tabla Articulos'!B:B)),"OK","NO ESTA") -> OK | B3: =IF(ISNUMBER(_xlfn.XMATCH('Calcular necesidad'!E:E,'Necesidad por familia'!A:A)),"OK","NO ESTA") -> OK | C3: 14047000A | D3: SERVILLE BCA 33X32X1000U S/LOGO | E3: =_xlfn.XLOOKUP(C3,'Tabla Articulos'!B:B,'Tabla Articulos'!D:D) -> SERVILLETA 30X30 S/LOGO | F3: =_xlfn.XLOOKUP(C3,'Tabla Articulos'!B:B,'Tabla Articulos'!E:E) -> 1000 | G3: =SUM( SUMIFS(MRP!$H$2:$H$221, MRP!$B$2:$B$221, $C3, MRP!$G$2:$G$221, G$1), SUMIFS(MRP!$I$2:$I$221, MRP!$B$2:$B$221, $C3, MRP!$G$2:$G$221, G$1), SUMIFS(MRP!$J$2:$J$221, MRP!$B$2:$B$221, $C3, MRP!$G$2:$G$221, G$1), SUMIFS(MRP!$K$2:$K$221, MRP!$B$2:$B$221, $C3, MRP!$G$2:$G$221, G$1), SUMIFS(MRP!$L$2:$L$221, MRP!$B$2:$B$221, $C3, MRP!$G$2:$G$221, G$1) )*F3 -> 0 | H3: =SUM( SUMIFS(MRP!$H$2:$H$221, MRP!$B$2:$B$221, $C3, MRP!$G$2:$G$221, H$1), SUMIFS(MRP!$I$2:$I$221, MRP!$B$2:$B$221, $C3, MRP!$G$2:$G$221, H$1), SUMIFS(MRP!$J$2:$J$221, MRP!$B$2:$B$221, $C3, MRP!$G$2:$G$221, H$1), SUMIFS(MRP!$K$2:$K$221, MRP!$B$2:$B$221, $C3, MRP!$G$2:$G$221, H$1), SUMIFS(MRP!$L$2:$L$221, MRP!$B$2:$B$221, $C3, MRP!$G$2:$G$221, H$1) )*F3 -> 440000 | I3: =SUM( SUMIFS(MRP!$H$2:$H$221, MRP!$B$2:$B$221, $C3, MRP!$G$2:$G$221, I$1), SUMIFS(MRP!$I$2:$I$221, MRP!$B$2:$B$221, $C3, MRP!$G$2:$G$221, I$1), SUMIFS(MRP!$J$2:$J$221, MRP!$B$2:$B$221, $C3, MRP!$G$2:$G$221, I$1), SUMIFS(MRP!$K$2:$K$221, MRP!$B$2:$B$221, $C3, MRP!$G$2:$G$221, I$1), SUMIFS(MRP!$L$2:$L$221, MRP!$B$2:$B$221, $C3, MRP!$G$2:$G$221, I$1) )*F3 -> 0 | J3: =SUM( SUMIFS(MRP!$H$2:$H$221, MRP!$B$2:$B$221, $C3, MRP!$G$2:$G$221, J$1), SUMIFS(MRP!$I$2:$I$221, MRP!$B$2:$B$221, $C3, MRP!$G$2:$G$221, J$1), SUMIFS(MRP!$J$2:$J$221, MRP!$B$2:$B$221, $C3, MRP!$G$2:$G$221, J$1), SUMIFS(MRP!$K$2:$K$221, MRP!$B$2:$B$221, $C3, MRP!$G$2:$G$221, J$1), SUMIFS(MRP!$L$2:$L$221, MRP!$B$2:$B$221, $C3, MRP!$G$2:$G$221, J$1) )*F3 -> 0 | K3: =SUM( SUMIFS(MRP!$H$2:$H$221, MRP!$B$2:$B$221, $C3, MRP!$G$2:$G$221, K$1), SUMIFS(MRP!$I$2:$I$221, MRP!$B$2:$B$221, $C3, MRP!$G$2:$G$221, K$1), SUMIFS(MRP!$J$2:$J$221, MRP!$B$2:$B$221, $C3, MRP!$G$2:$G$221, K$1), SUMIFS(MRP!$K$2:$K$221, MRP!$B$2:$B$221, $C3, MRP!$G$2:$G$221, K$1), SUMIFS(MRP!$L$2:$L$221, MRP!$B$2:$B$221, $C3, MRP!$G$2:$G$221, K$1) )*F3 -> 0 | L3: =TRIM(Tabla3[[#This Row],[CodInternoArti]]) -> 14047000A
A4: =IF(ISNUMBER(_xlfn.XMATCH(Tabla3[[#This Row],[CodInternoArti]],'Tabla Articulos'!B:B)),"OK","NO ESTA") -> OK | B4: =IF(ISNUMBER(_xlfn.XMATCH('Calcular necesidad'!E:E,'Necesidad por familia'!A:A)),"OK","NO ESTA") -> OK | C4: 13069000A | D4: AGITADOR x 1000 U | E4: =_xlfn.XLOOKUP(C4,'Tabla Articulos'!B:B,'Tabla Articulos'!D:D) -> AGITADOR | F4: =_xlfn.XLOOKUP(C4,'Tabla Articulos'!B:B,'Tabla Articulos'!E:E) -> 1000 | G4: =SUM( SUMIFS(MRP!$H$2:$H$221, MRP!$B$2:$B$221, $C4, MRP!$G$2:$G$221, G$1), SUMIFS(MRP!$I$2:$I$221, MRP!$B$2:$B$221, $C4, MRP!$G$2:$G$221, G$1), SUMIFS(MRP!$J$2:$J$221, MRP!$B$2:$B$221, $C4, MRP!$G$2:$G$221, G$1), SUMIFS(MRP!$K$2:$K$221, MRP!$B$2:$B$221, $C4, MRP!$G$2:$G$221, G$1), SUMIFS(MRP!$L$2:$L$221, MRP!$B$2:$B$221, $C4, MRP!$G$2:$G$221, G$1) )*F4 -> 0 | H4: =SUM( SUMIFS(MRP!$H$2:$H$221, MRP!$B$2:$B$221, $C4, MRP!$G$2:$G$221, H$1), SUMIFS(MRP!$I$2:$I$221, MRP!$B$2:$B$221, $C4, MRP!$G$2:$G$221, H$1), SUMIFS(MRP!$J$2:$J$221, MRP!$B$2:$B$221, $C4, MRP!$G$2:$G$221, H$1), SUMIFS(MRP!$K$2:$K$221, MRP!$B$2:$B$221, $C4, MRP!$G$2:$G$221, H$1), SUMIFS(MRP!$L$2:$L$221, MRP!$B$2:$B$221, $C4, MRP!$G$2:$G$221, H$1) )*F4 -> 53000 | I4: =SUM( SUMIFS(MRP!$H$2:$H$221, MRP!$B$2:$B$221, $C4, MRP!$G$2:$G$221, I$1), SUMIFS(MRP!$I$2:$I$221, MRP!$B$2:$B$221, $C4, MRP!$G$2:$G$221, I$1), SUMIFS(MRP!$J$2:$J$221, MRP!$B$2:$B$221, $C4, MRP!$G$2:$G$221, I$1), SUMIFS(MRP!$K$2:$K$221, MRP!$B$2:$B$221, $C4, MRP!$G$2:$G$221, I$1), SUMIFS(MRP!$L$2:$L$221, MRP!$B$2:$B$221, $C4, MRP!$G$2:$G$221, I$1) )*F4 -> 0 | J4: =SUM( SUMIFS(MRP!$H$2:$H$221, MRP!$B$2:$B$221, $C4, MRP!$G$2:$G$221, J$1), SUMIFS(MRP!$I$2:$I$221, MRP!$B$2:$B$221, $C4, MRP!$G$2:$G$221, J$1), SUMIFS(MRP!$J$2:$J$221, MRP!$B$2:$B$221, $C4, MRP!$G$2:$G$221, J$1), SUMIFS(MRP!$K$2:$K$221, MRP!$B$2:$B$221, $C4, MRP!$G$2:$G$221, J$1), SUMIFS(MRP!$L$2:$L$221, MRP!$B$2:$B$221, $C4, MRP!$G$2:$G$221, J$1) )*F4 -> 0 | K4: =SUM( SUMIFS(MRP!$H$2:$H$221, MRP!$B$2:$B$221, $C4, MRP!$G$2:$G$221, K$1), SUMIFS(MRP!$I$2:$I$221, MRP!$B$2:$B$221, $C4, MRP!$G$2:$G$221, K$1), SUMIFS(MRP!$J$2:$J$221, MRP!$B$2:$B$221, $C4, MRP!$G$2:$G$221, K$1), SUMIFS(MRP!$K$2:$K$221, MRP!$B$2:$B$221, $C4, MRP!$G$2:$G$221, K$1), SUMIFS(MRP!$L$2:$L$221, MRP!$B$2:$B$221, $C4, MRP!$G$2:$G$221, K$1) )*F4 -> 0 | L4: =TRIM(Tabla3[[#This Row],[CodInternoArti]]) -> 13069000A
A5: =IF(ISNUMBER(_xlfn.XMATCH(Tabla3[[#This Row],[CodInternoArti]],'Tabla Articulos'!B:B)),"OK","NO ESTA") -> OK | B5: =IF(ISNUMBER(_xlfn.XMATCH('Calcular necesidad'!E:E,'Necesidad por familia'!A:A)),"OK","NO ESTA") -> OK | C5: 16204006A | D5: ROLLO BOLSA ARRANQUE 60 x 90 | E5: =_xlfn.XLOOKUP(C5,'Tabla Articulos'!B:B,'Tabla Articulos'!D:D) -> ARRANQUE 60X90 | F5: =_xlfn.XLOOKUP(C5,'Tabla Articulos'!B:B,'Tabla Articulos'!E:E) -> 1 | G5: =SUM( SUMIFS(MRP!$H$2:$H$221, MRP!$B$2:$B$221, $C5, MRP!$G$2:$G$221, G$1), SUMIFS(MRP!$I$2:$I$221, MRP!$B$2:$B$221, $C5, MRP!$G$2:$G$221, G$1), SUMIFS(MRP!$J$2:$J$221, MRP!$B$2:$B$221, $C5, MRP!$G$2:$G$221, G$1), SUMIFS(MRP!$K$2:$K$221, MRP!$B$2:$B$221, $C5, MRP!$G$2:$G$221, G$1), SUMIFS(MRP!$L$2:$L$221, MRP!$B$2:$B$221, $C5, MRP!$G$2:$G$221, G$1) )*F5 -> 0 | H5: =SUM( SUMIFS(MRP!$H$2:$H$221, MRP!$B$2:$B$221, $C5, MRP!$G$2:$G$221, H$1), SUMIFS(MRP!$I$2:$I$221, MRP!$B$2:$B$221, $C5, MRP!$G$2:$G$221, H$1), SUMIFS(MRP!$J$2:$J$221, MRP!$B$2:$B$221, $C5, MRP!$G$2:$G$221, H$1), SUMIFS(MRP!$K$2:$K$221, MRP!$B$2:$B$221, $C5, MRP!$G$2:$G$221, H$1), SUMIFS(MRP!$L$2:$L$221, MRP!$B$2:$B$221, $C5, MRP!$G$2:$G$221, H$1) )*F5 -> 77 | I5: =SUM( SUMIFS(MRP!$H$2:$H$221, MRP!$B$2:$B$221, $C5, MRP!$G$2:$G$221, I$1), SUMIFS(MRP!$I$2:$I$221, MRP!$B$2:$B$221, $C5, MRP!$G$2:$G$221, I$1), SUMIFS(MRP!$J$2:$J$221, MRP!$B$2:$B$221, $C5, MRP!$G$2:$G$221, I$1), SUMIFS(MRP!$K$2:$K$221, MRP!$B$2:$B$221, $C5, MRP!$G$2:$G$221, I$1), SUMIFS(MRP!$L$2:$L$221, MRP!$B$2:$B$221, $C5, MRP!$G$2:$G$221, I$1) )*F5 -> 0 | J5: =SUM( SUMIFS(MRP!$H$2:$H$221, MRP!$B$2:$B$221, $C5, MRP!$G$2:$G$221, J$1), SUMIFS(MRP!$I$2:$I$221, MRP!$B$2:$B$221, $C5, MRP!$G$2:$G$221, J$1), SUMIFS(MRP!$J$2:$J$221, MRP!$B$2:$B$221, $C5, MRP!$G$2:$G$221, J$1), SUMIFS(MRP!$K$2:$K$221, MRP!$B$2:$B$221, $C5, MRP!$G$2:$G$221, J$1), SUMIFS(MRP!$L$2:$L$221, MRP!$B$2:$B$221, $C5, MRP!$G$2:$G$221, J$1) )*F5 -> 0 | K5: =SUM( SUMIFS(MRP!$H$2:$H$221, MRP!$B$2:$B$221, $C5, MRP!$G$2:$G$221, K$1), SUMIFS(MRP!$I$2:$I$221, MRP!$B$2:$B$221, $C5, MRP!$G$2:$G$221, K$1), SUMIFS(MRP!$J$2:$J$221, MRP!$B$2:$B$221, $C5, MRP!$G$2:$G$221, K$1), SUMIFS(MRP!$K$2:$K$221, MRP!$B$2:$B$221, $C5, MRP!$G$2:$G$221, K$1), SUMIFS(MRP!$L$2:$L$221, MRP!$B$2:$B$221, $C5, MRP!$G$2:$G$221, K$1) )*F5 -> 0 | L5: =TRIM(Tabla3[[#This Row],[CodInternoArti]]) -> 16204006A
A6: =IF(ISNUMBER(_xlfn.XMATCH(Tabla3[[#This Row],[CodInternoArti]],'Tabla Articulos'!B:B)),"OK","NO ESTA") -> OK | B6: =IF(ISNUMBER(_xlfn.XMATCH('Calcular necesidad'!E:E,'Necesidad por familia'!A:A)),"OK","NO ESTA") -> OK | C6: 16204004A | D6: ROLLO BOLSA ARRANQUE 45 x 60 | E6: =_xlfn.XLOOKUP(C6,'Tabla Articulos'!B:B,'Tabla Articulos'!D:D) -> ARRANQUE 40X60 | F6: =_xlfn.XLOOKUP(C6,'Tabla Articulos'!B:B,'Tabla Articulos'!E:E) -> 1 | G6: =SUM( SUMIFS(MRP!$H$2:$H$221, MRP!$B$2:$B$221, $C6, MRP!$G$2:$G$221, G$1), SUMIFS(MRP!$I$2:$I$221, MRP!$B$2:$B$221, $C6, MRP!$G$2:$G$221, G$1), SUMIFS(MRP!$J$2:$J$221, MRP!$B$2:$B$221, $C6, MRP!$G$2:$G$221, G$1), SUMIFS(MRP!$K$2:$K$221, MRP!$B$2:$B$221, $C6, MRP!$G$2:$G$221, G$1), SUMIFS(MRP!$L$2:$L$221, MRP!$B$2:$B$221, $C6, MRP!$G$2:$G$221, G$1) )*F6 -> 0 | H6: =SUM( SUMIFS(MRP!$H$2:$H$221, MRP!$B$2:$B$221, $C6, MRP!$G$2:$G$221, H$1), SUMIFS(MRP!$I$2:$I$221, MRP!$B$2:$B$221, $C6, MRP!$G$2:$G$221, H$1), SUMIFS(MRP!$J$2:$J$221, MRP!$B$2:$B$221, $C6, MRP!$G$2:$G$221, H$1), SUMIFS(MRP!$K$2:$K$221, MRP!$B$2:$B$221, $C6, MRP!$G$2:$G$221, H$1), SUMIFS(MRP!$L$2:$L$221, MRP!$B$2:$B$221, $C6, MRP!$G$2:$G$221, H$1) )*F6 -> 30 | I6: =SUM( SUMIFS(MRP!$H$2:$H$221, MRP!$B$2:$B$221, $C6, MRP!$G$2:$G$221, I$1), SUMIFS(MRP!$I$2:$I$221, MRP!$B$2:$B$221, $C6, MRP!$G$2:$G$221, I$1), SUMIFS(MRP!$J$2:$J$221, MRP!$B$2:$B$221, $C6, MRP!$G$2:$G$221, I$1), SUMIFS(MRP!$K$2:$K$221, MRP!$B$2:$B$221, $C6, MRP!$G$2:$G$221, I$1), SUMIFS(MRP!$L$2:$L$221, MRP!$B$2:$B$221, $C6, MRP!$G$2:$G$221, I$1) )*F6 -> 0 | J6: =SUM( SUMIFS(MRP!$H$2:$H$221, MRP!$B$2:$B$221, $C6, MRP!$G$2:$G$221, J$1), SUMIFS(MRP!$I$2:$I$221, MRP!$B$2:$B$221, $C6, MRP!$G$2:$G$221, J$1), SUMIFS(MRP!$J$2:$J$221, MRP!$B$2:$B$221, $C6, MRP!$G$2:$G$221, J$1), SUMIFS(MRP!$K$2:$K$221, MRP!$B$2:$B$221, $C6, MRP!$G$2:$G$221, J$1), SUMIFS(MRP!$L$2:$L$221, MRP!$B$2:$B$221, $C6, MRP!$G$2:$G$221, J$1) )*F6 -> 0 | K6: =SUM( SUMIFS(MRP!$H$2:$H$221, MRP!$B$2:$B$221, $C6, MRP!$G$2:$G$221, K$1), SUMIFS(MRP!$I$2:$I$221, MRP!$B$2:$B$221, $C6, MRP!$G$2:$G$221, K$1), SUMIFS(MRP!$J$2:$J$221, MRP!$B$2:$B$221, $C6, MRP!$G$2:$G$221, K$1), SUMIFS(MRP!$K$2:$K$221, MRP!$B$2:$B$221, $C6, MRP!$G$2:$G$221, K$1), SUMIFS(MRP!$L$2:$L$221, MRP!$B$2:$B$221, $C6, MRP!$G$2:$G$221, K$1) )*F6 -> 0 | L6: =TRIM(Tabla3[[#This Row],[CodInternoArti]]) -> 16204004A
A7: =IF(ISNUMBER(_xlfn.XMATCH(Tabla3[[#This Row],[CodInternoArti]],'Tabla Articulos'!B:B)),"OK","NO ESTA") -> OK | B7: =IF(ISNUMBER(_xlfn.XMATCH('Calcular necesidad'!E:E,'Necesidad por familia'!A:A)),"OK","NO ESTA") -> OK | C7: 16208001A | D7: ROLLO DE BOLSA DE ARRANQUE 20 x 30 | E7: =_xlfn.XLOOKUP(C7,'Tabla Articulos'!B:B,'Tabla Articulos'!D:D) -> ARRANQUE 20X30 | F7: =_xlfn.XLOOKUP(C7,'Tabla Articulos'!B:B,'Tabla Articulos'!E:E) -> 1 | G7: =SUM( SUMIFS(MRP!$H$2:$H$221, MRP!$B$2:$B$221, $C7, MRP!$G$2:$G$221, G$1), SUMIFS(MRP!$I$2:$I$221, MRP!$B$2:$B$221, $C7, MRP!$G$2:$G$221, G$1), SUMIFS(MRP!$J$2:$J$221, MRP!$B$2:$B$221, $C7, MRP!$G$2:$G$221, G$1), SUMIFS(MRP!$K$2:$K$221, MRP!$B$2:$B$221, $C7, MRP!$G$2:$G$221, G$1), SUMIFS(MRP!$L$2:$L$221, MRP!$B$2:$B$221, $C7, MRP!$G$2:$G$221, G$1) )*F7 -> 0 | H7: =SUM( SUMIFS(MRP!$H$2:$H$221, MRP!$B$2:$B$221, $C7, MRP!$G$2:$G$221, H$1), SUMIFS(MRP!$I$2:$I$221, MRP!$B$2:$B$221, $C7, MRP!$G$2:$G$221, H$1), SUMIFS(MRP!$J$2:$J$221, MRP!$B$2:$B$221, $C7, MRP!$G$2:$G$221, H$1), SUMIFS(MRP!$K$2:$K$221, MRP!$B$2:$B$221, $C7, MRP!$G$2:$G$221, H$1), SUMIFS(MRP!$L$2:$L$221, MRP!$B$2:$B$221, $C7, MRP!$G$2:$G$221, H$1) )*F7 -> 102 | I7: =SUM( SUMIFS(MRP!$H$2:$H$221, MRP!$B$2:$B$221, $C7, MRP!$G$2:$G$221, I$1), SUMIFS(MRP!$I$2:$I$221, MRP!$B$2:$B$221, $C7, MRP!$G$2:$G$221, I$1), SUMIFS(MRP!$J$2:$J$221, MRP!$B$2:$B$221, $C7, MRP!$G$2:$G$221, I$1), SUMIFS(MRP!$K$2:$K$221, MRP!$B$2:$B$221, $C7, MRP!$G$2:$G$221, I$1), SUMIFS(MRP!$L$2:$L$221, MRP!$B$2:$B$221, $C7, MRP!$G$2:$G$221, I$1) )*F7 -> 0 | J7: =SUM( SUMIFS(MRP!$H$2:$H$221, MRP!$B$2:$B$221, $C7, MRP!$G$2:$G$221, J$1), SUMIFS(MRP!$I$2:$I$221, MRP!$B$2:$B$221, $C7, MRP!$G$2:$G$221, J$1), SUMIFS(MRP!$J$2:$J$221, MRP!$B$2:$B$221, $C7, MRP!$G$2:$G$221, J$1), SUMIFS(MRP!$K$2:$K$221, MRP!$B$2:$B$221, $C7, MRP!$G$2:$G$221, J$1), SUMIFS(MRP!$L$2:$L$221, MRP!$B$2:$B$221, $C7, MRP!$G$2:$G$221, J$1) )*F7 -> 0 | K7: =SUM( SUMIFS(MRP!$H$2:$H$221, MRP!$B$2:$B$221, $C7, MRP!$G$2:$G$221, K$1), SUMIFS(MRP!$I$2:$I$221, MRP!$B$2:$B$221, $C7, MRP!$G$2:$G$221, K$1), SUMIFS(MRP!$J$2:$J$221, MRP!$B$2:$B$221, $C7, MRP!$G$2:$G$221, K$1), SUMIFS(MRP!$K$2:$K$221, MRP!$B$2:$B$221, $C7, MRP!$G$2:$G$221, K$1), SUMIFS(MRP!$L$2:$L$221, MRP!$B$2:$B$221, $C7, MRP!$G$2:$G$221, K$1) )*F7 -> 0 | L7: =TRIM(Tabla3[[#This Row],[CodInternoArti]]) -> 16208001A
A8: =IF(ISNUMBER(_xlfn.XMATCH(Tabla3[[#This Row],[CodInternoArti]],'Tabla Articulos'!B:B)),"OK","NO ESTA") -> OK | B8: =IF(ISNUMBER(_xlfn.XMATCH('Calcular necesidad'!E:E,'Necesidad por familia'!A:A)),"OK","NO ESTA") -> OK | C8: 17030001A | D8: GUANTE DE LATEX x 100 UNID | E8: =_xlfn.XLOOKUP(C8,'Tabla Articulos'!B:B,'Tabla Articulos'!D:D) -> GUANTE LATEX M | F8: =_xlfn.XLOOKUP(C8,'Tabla Articulos'!B:B,'Tabla Articulos'!E:E) -> 100 | G8: =SUM( SUMIFS(MRP!$H$2:$H$221, MRP!$B$2:$B$221, $C8, MRP!$G$2:$G$221, G$1), SUMIFS(MRP!$I$2:$I$221, MRP!$B$2:$B$221, $C8, MRP!$G$2:$G$221, G$1), SUMIFS(MRP!$J$2:$J$221, MRP!$B$2:$B$221, $C8, MRP!$G$2:$G$221, G$1), SUMIFS(MRP!$K$2:$K$221, MRP!$B$2:$B$221, $C8, MRP!$G$2:$G$221, G$1), SUMIFS(MRP!$L$2:$L$221, MRP!$B$2:$B$221, $C8, MRP!$G$2:$G$221, G$1) )*F8 -> 0 | H8: =SUM( SUMIFS(MRP!$H$2:$H$221, MRP!$B$2:$B$221, $C8, MRP!$G$2:$G$221, H$1), SUMIFS(MRP!$I$2:$I$221, MRP!$B$2:$B$221, $C8, MRP!$G$2:$G$221, H$1), SUMIFS(MRP!$J$2:$J$221, MRP!$B$2:$B$221, $C8, MRP!$G$2:$G$221, H$1), SUMIFS(MRP!$K$2:$K$221, MRP!$B$2:$B$221, $C8, MRP!$G$2:$G$221, H$1), SUMIFS(MRP!$L$2:$L$221, MRP!$B$2:$B$221, $C8, MRP!$G$2:$G$221, H$1) )*F8 -> 41400 | I8: =SUM( SUMIFS(MRP!$H$2:$H$221, MRP!$B$2:$B$221, $C8, MRP!$G$2:$G$221, I$1), SUMIFS(MRP!$I$2:$I$221, MRP!$B$2:$B$221, $C8, MRP!$G$2:$G$221, I$1), SUMIFS(MRP!$J$2:$J$221, MRP!$B$2:$B$221, $C8, MRP!$G$2:$G$221, I$1), SUMIFS(MRP!$K$2:$K$221, MRP!$B$2:$B$221, $C8, MRP!$G$2:$G$221, I$1), SUMIFS(MRP!$L$2:$L$221, MRP!$B$2:$B$221, $C8, MRP!$G$2:$G$221, I$1) )*F8 -> 0 | J8: =SUM( SUMIFS(MRP!$H$2:$H$221, MRP!$B$2:$B$221, $C8, MRP!$G$2:$G$221, J$1), SUMIFS(MRP!$I$2:$I$221, MRP!$B$2:$B$221, $C8, MRP!$G$2:$G$221, J$1), SUMIFS(MRP!$J$2:$J$221, MRP!$B$2:$B$221, $C8, MRP!$G$2:$G$221, J$1), SUMIFS(MRP!$K$2:$K$221, MRP!$B$2:$B$221, $C8, MRP!$G$2:$G$221, J$1), SUMIFS(MRP!$L$2:$L$221, MRP!$B$2:$B$221, $C8, MRP!$G$2:$G$221, J$1) )*F8 -> 0 | K8: =SUM( SUMIFS(MRP!$H$2:$H$221, MRP!$B$2:$B$221, $C8, MRP!$G$2:$G$221, K$1), SUMIFS(MRP!$I$2:$I$221, MRP!$B$2:$B$221, $C8, MRP!$G$2:$G$221, K$1), SUMIFS(MRP!$J$2:$J$221, MRP!$B$2:$B$221, $C8, MRP!$G$2:$G$221, K$1), SUMIFS(MRP!$K$2:$K$221, MRP!$B$2:$B$221, $C8, MRP!$G$2:$G$221, K$1), SUMIFS(MRP!$L$2:$L$221, MRP!$B$2:$B$221, $C8, MRP!$G$2:$G$221, K$1) )*F8 -> 0 | L8: =TRIM(Tabla3[[#This Row],[CodInternoArti]]) -> 17030001A
A9: =IF(ISNUMBER(_xlfn.XMATCH(Tabla3[[#This Row],[CodInternoArti]],'Tabla Articulos'!B:B)),"OK","NO ESTA") -> OK | B9: =IF(ISNUMBER(_xlfn.XMATCH('Calcular necesidad'!E:E,'Necesidad por familia'!A:A)),"OK","NO ESTA") -> OK | C9: 16204003A | D9: ROLLO BOLSA ARRANQUE 40 x 60 | E9: =_xlfn.XLOOKUP(C9,'Tabla Articulos'!B:B,'Tabla Articulos'!D:D) -> ARRANQUE 40X60 | F9: =_xlfn.XLOOKUP(C9,'Tabla Articulos'!B:B,'Tabla Articulos'!E:E) -> 1 | G9: =SUM( SUMIFS(MRP!$H$2:$H$221, MRP!$B$2:$B$221, $C9, MRP!$G$2:$G$221, G$1), SUMIFS(MRP!$I$2:$I$221, MRP!$B$2:$B$221, $C9, MRP!$G$2:$G$221, G$1), SUMIFS(MRP!$J$2:$J$221, MRP!$B$2:$B$221, $C9, MRP!$G$2:$G$221, G$1), SUMIFS(MRP!$K$2:$K$221, MRP!$B$2:$B$221, $C9, MRP!$G$2:$G$221, G$1), SUMIFS(MRP!$L$2:$L$221, MRP!$B$2:$B$221, $C9, MRP!$G$2:$G$221, G$1) )*F9 -> 0 | H9: =SUM( SUMIFS(MRP!$H$2:$H$221, MRP!$B$2:$B$221, $C9, MRP!$G$2:$G$221, H$1), SUMIFS(MRP!$I$2:$I$221, MRP!$B$2:$B$221, $C9, MRP!$G$2:$G$221, H$1), SUMIFS(MRP!$J$2:$J$221, MRP!$B$2:$B$221, $C9, MRP!$G$2:$G$221, H$1), SUMIFS(MRP!$K$2:$K$221, MRP!$B$2:$B$221, $C9, MRP!$G$2:$G$221, H$1), SUMIFS(MRP!$L$2:$L$221, MRP!$B$2:$B$221, $C9, MRP!$G$2:$G$221, H$1) )*F9 -> 83 | I9: =SUM( SUMIFS(MRP!$H$2:$H$221, MRP!$B$2:$B$221, $C9, MRP!$G$2:$G$221, I$1), SUMIFS(MRP!$I$2:$I$221, MRP!$B$2:$B$221, $C9, MRP!$G$2:$G$221, I$1), SUMIFS(MRP!$J$2:$J$221, MRP!$B$2:$B$221, $C9, MRP!$G$2:$G$221, I$1), SUMIFS(MRP!$K$2:$K$221, MRP!$B$2:$B$221, $C9, MRP!$G$2:$G$221, I$1), SUMIFS(MRP!$L$2:$L$221, MRP!$B$2:$B$221, $C9, MRP!$G$2:$G$221, I$1) )*F9 -> 0 | J9: =SUM( SUMIFS(MRP!$H$2:$H$221, MRP!$B$2:$B$221, $C9, MRP!$G$2:$G$221, J$1), SUMIFS(MRP!$I$2:$I$221, MRP!$B$2:$B$221, $C9, MRP!$G$2:$G$221, J$1), SUMIFS(MRP!$J$2:$J$221, MRP!$B$2:$B$221, $C9, MRP!$G$2:$G$221, J$1), SUMIFS(MRP!$K$2:$K$221, MRP!$B$2:$B$221, $C9, MRP!$G$2:$G$221, J$1), SUMIFS(MRP!$L$2:$L$221, MRP!$B$2:$B$221, $C9, MRP!$G$2:$G$221, J$1) )*F9 -> 0 | K9: =SUM( SUMIFS(MRP!$H$2:$H$221, MRP!$B$2:$B$221, $C9, MRP!$G$2:$G$221, K$1), SUMIFS(MRP!$I$2:$I$221, MRP!$B$2:$B$221, $C9, MRP!$G$2:$G$221, K$1), SUMIFS(MRP!$J$2:$J$221, MRP!$B$2:$B$221, $C9, MRP!$G$2:$G$221, K$1), SUMIFS(MRP!$K$2:$K$221, MRP!$B$2:$B$221, $C9, MRP!$G$2:$G$221, K$1), SUMIFS(MRP!$L$2:$L$221, MRP!$B$2:$B$221, $C9, MRP!$G$2:$G$221, K$1) )*F9 -> 0 | L9: =TRIM(Tabla3[[#This Row],[CodInternoArti]]) -> 16204003A
A10: =IF(ISNUMBER(_xlfn.XMATCH(Tabla3[[#This Row],[CodInternoArti]],'Tabla Articulos'!B:B)),"OK","NO ESTA") -> OK | B10: =IF(ISNUMBER(_xlfn.XMATCH('Calcular necesidad'!E:E,'Necesidad por familia'!A:A)),"OK","NO ESTA") -> OK | C10: 13072000A | D10: FOLEX 20CMX25XCM XKG | E10: =_xlfn.XLOOKUP(C10,'Tabla Articulos'!B:B,'Tabla Articulos'!D:D) -> FOLEX | F10: =_xlfn.XLOOKUP(C10,'Tabla Articulos'!B:B,'Tabla Articulos'!E:E) -> 1 | G10: =SUM( SUMIFS(MRP!$H$2:$H$221, MRP!$B$2:$B$221, $C10, MRP!$G$2:$G$221, G$1), SUMIFS(MRP!$I$2:$I$221, MRP!$B$2:$B$221, $C10, MRP!$G$2:$G$221, G$1), SUMIFS(MRP!$J$2:$J$221, MRP!$B$2:$B$221, $C10, MRP!$G$2:$G$221, G$1), SUMIFS(MRP!$K$2:$K$221, MRP!$B$2:$B$221, $C10, MRP!$G$2:$G$221, G$1), SUMIFS(MRP!$L$2:$L$221, MRP!$B$2:$B$221, $C10, MRP!$G$2:$G$221, G$1) )*F10 -> 0 | H10: =SUM( SUMIFS(MRP!$H$2:$H$221, MRP!$B$2:$B$221, $C10, MRP!$G$2:$G$221, H$1), SUMIFS(MRP!$I$2:$I$221, MRP!$B$2:$B$221, $C10, MRP!$G$2:$G$221, H$1), SUMIFS(MRP!$J$2:$J$221, MRP!$B$2:$B$221, $C10, MRP!$G$2:$G$221, H$1), SUMIFS(MRP!$K$2:$K$221, MRP!$B$2:$B$221, $C10, MRP!$G$2:$G$221, H$1), SUMIFS(MRP!$L$2:$L$221, MRP!$B$2:$B$221, $C10, MRP!$G$2:$G$221, H$1) )*F10 -> 6 | I10: =SUM( SUMIFS(MRP!$H$2:$H$221, MRP!$B$2:$B$221, $C10, MRP!$G$2:$G$221, I$1), SUMIFS(MRP!$I$2:$I$221, MRP!$B$2:$B$221, $C10, MRP!$G$2:$G$221, I$1), SUMIFS(MRP!$J$2:$J$221, MRP!$B$2:$B$221, $C10, MRP!$G$2:$G$221, I$1), SUMIFS(MRP!$K$2:$K$221, MRP!$B$2:$B$221, $C10, MRP!$G$2:$G$221, I$1), SUMIFS(MRP!$L$2:$L$221, MRP!$B$2:$B$221, $C10, MRP!$G$2:$G$221, I$1) )*F10 -> 0 | J10: =SUM( SUMIFS(MRP!$H$2:$H$221, MRP!$B$2:$B$221, $C10, MRP!$G$2:$G$221, J$1), SUMIFS(MRP!$I$2:$I$221, MRP!$B$2:$B$221, $C10, MRP!$G$2:$G$221, J$1), SUMIFS(MRP!$J$2:$J$221, MRP!$B$2:$B$221, $C10, MRP!$G$2:$G$221, J$1), SUMIFS(MRP!$K$2:$K$221, MRP!$B$2:$B$221, $C10, MRP!$G$2:$G$221, J$1), SUMIFS(MRP!$L$2:$L$221, MRP!$B$2:$B$221, $C10, MRP!$G$2:$G$221, J$1) )*F10 -> 0 | K10: =SUM( SUMIFS(MRP!$H$2:$H$221, MRP!$B$2:$B$221, $C10, MRP!$G$2:$G$221, K$1), SUMIFS(MRP!$I$2:$I$221, MRP!$B$2:$B$221, $C10, MRP!$G$2:$G$221, K$1), SUMIFS(MRP!$J$2:$J$221, MRP!$B$2:$B$221, $C10, MRP!$G$2:$G$221, K$1), SUMIFS(MRP!$K$2:$K$221, MRP!$B$2:$B$221, $C10, MRP!$G$2:$G$221, K$1), SUMIFS(MRP!$L$2:$L$221, MRP!$B$2:$B$221, $C10, MRP!$G$2:$G$221, K$1) )*F10 -> 0 | L10: =TRIM(Tabla3[[#This Row],[CodInternoArti]]) -> 13072000A
A11: =IF(ISNUMBER(_xlfn.XMATCH(Tabla3[[#This Row],[CodInternoArti]],'Tabla Articulos'!B:B)),"OK","NO ESTA") -> OK | B11: =IF(ISNUMBER(_xlfn.XMATCH('Calcular necesidad'!E:E,'Necesidad por familia'!A:A)),"OK","NO ESTA") -> OK | C11: 14004000A | D11: BARBIJOS x 25 UNID | E11: =_xlfn.XLOOKUP(C11,'Tabla Articulos'!B:B,'Tabla Articulos'!D:D) -> BARBIJO QUIRURGICO | F11: =_xlfn.XLOOKUP(C11,'Tabla Articulos'!B:B,'Tabla Articulos'!E:E) -> 25 | G11: =SUM( SUMIFS(MRP!$H$2:$H$221, MRP!$B$2:$B$221, $C11, MRP!$G$2:$G$221, G$1), SUMIFS(MRP!$I$2:$I$221, MRP!$B$2:$B$221, $C11, MRP!$G$2:$G$221, G$1), SUMIFS(MRP!$J$2:$J$221, MRP!$B$2:$B$221, $C11, MRP!$G$2:$G$221, G$1), SUMIFS(MRP!$K$2:$K$221, MRP!$B$2:$B$221, $C11, MRP!$G$2:$G$221, G$1), SUMIFS(MRP!$L$2:$L$221, MRP!$B$2:$B$221, $C11, MRP!$G$2:$G$221, G$1) )*F11 -> 0 | H11: =SUM( SUMIFS(MRP!$H$2:$H$221, MRP!$B$2:$B$221, $C11, MRP!$G$2:$G$221, H$1), SUMIFS(MRP!$I$2:$I$221, MRP!$B$2:$B$221, $C11, MRP!$G$2:$G$221, H$1), SUMIFS(MRP!$J$2:$J$221, MRP!$B$2:$B$221, $C11, MRP!$G$2:$G$221, H$1), SUMIFS(MRP!$K$2:$K$221, MRP!$B$2:$B$221, $C11, MRP!$G$2:$G$221, H$1), SUMIFS(MRP!$L$2:$L$221, MRP!$B$2:$B$221, $C11, MRP!$G$2:$G$221, H$1) )*F11 -> 1175 | I11: =SUM( SUMIFS(MRP!$H$2:$H$221, MRP!$B$2:$B$221, $C11, MRP!$G$2:$G$221, I$1), SUMIFS(MRP!$I$2:$I$221, MRP!$B$2:$B$221, $C11, MRP!$G$2:$G$221, I$1), SUMIFS(MRP!$J$2:$J$221, MRP!$B$2:$B$221, $C11, MRP!$G$2:$G$221, I$1), SUMIFS(MRP!$K$2:$K$221, MRP!$B$2:$B$221, $C11, MRP!$G$2:$G$221, I$1), SUMIFS(MRP!$L$2:$L$221, MRP!$B$2:$B$221, $C11, MRP!$G$2:$G$221, I$1) )*F11 -> 0 | J11: =SUM( SUMIFS(MRP!$H$2:$H$221, MRP!$B$2:$B$221, $C11, MRP!$G$2:$G$221, J$1), SUMIFS(MRP!$I$2:$I$221, MRP!$B$2:$B$221, $C11, MRP!$G$2:$G$221, J$1), SUMIFS(MRP!$J$2:$J$221, MRP!$B$2:$B$221, $C11, MRP!$G$2:$G$221, J$1), SUMIFS(MRP!$K$2:$K$221, MRP!$B$2:$B$221, $C11, MRP!$G$2:$G$221, J$1), SUMIFS(MRP!$L$2:$L$221, MRP!$B$2:$B$221, $C11, MRP!$G$2:$G$221, J$1) )*F11 -> 0 | K11: =SUM( SUMIFS(MRP!$H$2:$H$221, MRP!$B$2:$B$221, $C11, MRP!$G$2:$G$221, K$1), SUMIFS(MRP!$I$2:$I$221, MRP!$B$2:$B$221, $C11, MRP!$G$2:$G$221, K$1), SUMIFS(MRP!$J$2:$J$221, MRP!$B$2:$B$221, $C11, MRP!$G$2:$G$221, K$1), SUMIFS(MRP!$K$2:$K$221, MRP!$B$2:$B$221, $C11, MRP!$G$2:$G$221, K$1), SUMIFS(MRP!$L$2:$L$221, MRP!$B$2:$B$221, $C11, MRP!$G$2:$G$221, K$1) )*F11 -> 0 | L11: =TRIM(Tabla3[[#This Row],[CodInternoArti]]) -> 14004000A
A12: =IF(ISNUMBER(_xlfn.XMATCH(Tabla3[[#This Row],[CodInternoArti]],'Tabla Articulos'!B:B)),"OK","NO ESTA") -> OK | B12: =IF(ISNUMBER(_xlfn.XMATCH('Calcular necesidad'!E:E,'Necesidad por familia'!A:A)),"OK","NO ESTA") -> OK | C12: 16204005A | D12: ROLLO BOLSA ARRANQUE 25X35 | E12: =_xlfn.XLOOKUP(C12,'Tabla Articulos'!B:B,'Tabla Articulos'!D:D) -> ARRANQUE 20X30 | F12: =_xlfn.XLOOKUP(C12,'Tabla Articulos'!B:B,'Tabla Articulos'!E:E) -> 1 | G12: =SUM( SUMIFS(MRP!$H$2:$H$221, MRP!$B$2:$B$221, $C12, MRP!$G$2:$G$221, G$1), SUMIFS(MRP!$I$2:$I$221, MRP!$B$2:$B$221, $C12, MRP!$G$2:$G$221, G$1), SUMIFS(MRP!$J$2:$J$221, MRP!$B$2:$B$221, $C12, MRP!$G$2:$G$221, G$1), SUMIFS(MRP!$K$2:$K$221, MRP!$B$2:$B$221, $C12, MRP!$G$2:$G$221, G$1), SUMIFS(MRP!$L$2:$L$221, MRP!$B$2:$B$221, $C12, MRP!$G$2:$G$221, G$1) )*F12 -> 0 | H12: =SUM( SUMIFS(MRP!$H$2:$H$221, MRP!$B$2:$B$221, $C12, MRP!$G$2:$G$221, H$1), SUMIFS(MRP!$I$2:$I$221, MRP!$B$2:$B$221, $C12, MRP!$G$2:$G$221, H$1), SUMIFS(MRP!$J$2:$J$221, MRP!$B$2:$B$221, $C12, MRP!$G$2:$G$221, H$1), SUMIFS(MRP!$K$2:$K$221, MRP!$B$2:$B$221, $C12, MRP!$G$2:$G$221, H$1), SUMIFS(MRP!$L$2:$L$221, MRP!$B$2:$B$221, $C12, MRP!$G$2:$G$221, H$1) )*F12 -> 75 | I12: =SUM( SUMIFS(MRP!$H$2:$H$221, MRP!$B$2:$B$221, $C12, MRP!$G$2:$G$221, I$1), SUMIFS(MRP!$I$2:$I$221, MRP!$B$2:$B$221, $C12, MRP!$G$2:$G$221, I$1), SUMIFS(MRP!$J$2:$J$221, MRP!$B$2:$B$221, $C12, MRP!$G$2:$G$221, I$1), SUMIFS(MRP!$K$2:$K$221, MRP!$B$2:$B$221, $C12, MRP!$G$2:$G$221, I$1), SUMIFS(MRP!$L$2:$L$221, MRP!$B$2:$B$221, $C12, MRP!$G$2:$G$221, I$1) )*F12 -> 0 | J12: =SUM( SUMIFS(MRP!$H$2:$H$221, MRP!$B$2:$B$221, $C12, MRP!$G$2:$G$221, J$1), SUMIFS(MRP!$I$2:$I$221, MRP!$B$2:$B$221, $C12, MRP!$G$2:$G$221, J$1), SUMIFS(MRP!$J$2:$J$221, MRP!$B$2:$B$221, $C12, MRP!$G$2:$G$221, J$1), SUMIFS(MRP!$K$2:$K$221, MRP!$B$2:$B$221, $C12, MRP!$G$2:$G$221, J$1), SUMIFS(MRP!$L$2:$L$221, MRP!$B$2:$B$221, $C12, MRP!$G$2:$G$221, J$1) )*F12 -> 0 | K12: =SUM( SUMIFS(MRP!$H$2:$H$221, MRP!$B$2:$B$221, $C12, MRP!$G$2:$G$221, K$1), SUMIFS(MRP!$I$2:$I$221, MRP!$B$2:$B$221, $C12, MRP!$G$2:$G$221, K$1), SUMIFS(MRP!$J$2:$J$221, MRP!$B$2:$B$221, $C12, MRP!$G$2:$G$221, K$1), SUMIFS(MRP!$K$2:$K$221, MRP!$B$2:$B$221, $C12, MRP!$G$2:$G$221, K$1), SUMIFS(MRP!$L$2:$L$221, MRP!$B$2:$B$221, $C12, MRP!$G$2:$G$221, K$1) )*F12 -> 0 | L12: =TRIM(Tabla3[[#This Row],[CodInternoArti]]) -> 16204005A
A13: =IF(ISNUMBER(_xlfn.XMATCH(Tabla3[[#This Row],[CodInternoArti]],'Tabla Articulos'!B:B)),"OK","NO ESTA") -> OK | B13: =IF(ISNUMBER(_xlfn.XMATCH('Calcular necesidad'!E:E,'Necesidad por familia'!A:A)),"OK","NO ESTA") -> OK | C13: 16208000A | D13: ROLLO DE BOLSA DE ARRANQUE 50 x 70 | E13: =_xlfn.XLOOKUP(C13,'Tabla Articulos'!B:B,'Tabla Articulos'!D:D) -> ARRANQUE 50X70 | F13: =_xlfn.XLOOKUP(C13,'Tabla Articulos'!B:B,'Tabla Articulos'!E:E) -> 1 | G13: =SUM( SUMIFS(MRP!$H$2:$H$221, MRP!$B$2:$B$221, $C13, MRP!$G$2:$G$221, G$1), SUMIFS(MRP!$I$2:$I$221, MRP!$B$2:$B$221, $C13, MRP!$G$2:$G$221, G$1), SUMIFS(MRP!$J$2:$J$221, MRP!$B$2:$B$221, $C13, MRP!$G$2:$G$221, G$1), SUMIFS(MRP!$K$2:$K$221, MRP!$B$2:$B$221, $C13, MRP!$G$2:$G$221, G$1), SUMIFS(MRP!$L$2:$L$221, MRP!$B$2:$B$221, $C13, MRP!$G$2:$G$221, G$1) )*F13 -> 0 | H13: =SUM( SUMIFS(MRP!$H$2:$H$221, MRP!$B$2:$B$221, $C13, MRP!$G$2:$G$221, H$1), SUMIFS(MRP!$I$2:$I$221, MRP!$B$2:$B$221, $C13, MRP!$G$2:$G$221, H$1), SUMIFS(MRP!$J$2:$J$221, MRP!$B$2:$B$221, $C13, MRP!$G$2:$G$221, H$1), SUMIFS(MRP!$K$2:$K$221, MRP!$B$2:$B$221, $C13, MRP!$G$2:$G$221, H$1), SUMIFS(MRP!$L$2:$L$221, MRP!$B$2:$B$221, $C13, MRP!$G$2:$G$221, H$1) )*F13 -> 35 | I13: =SUM( SUMIFS(MRP!$H$2:$H$221, MRP!$B$2:$B$221, $C13, MRP!$G$2:$G$221, I$1), SUMIFS(MRP!$I$2:$I$221, MRP!$B$2:$B$221, $C13, MRP!$G$2:$G$221, I$1), SUMIFS(MRP!$J$2:$J$221, MRP!$B$2:$B$221, $C13, MRP!$G$2:$G$221, I$1), SUMIFS(MRP!$K$2:$K$221, MRP!$B$2:$B$221, $C13, MRP!$G$2:$G$221, I$1), SUMIFS(MRP!$L$2:$L$221, MRP!$B$2:$B$221, $C13, MRP!$G$2:$G$221, I$1) )*F13 -> 0 | J13: =SUM( SUMIFS(MRP!$H$2:$H$221, MRP!$B$2:$B$221, $C13, MRP!$G$2:$G$221, J$1), SUMIFS(MRP!$I$2:$I$221, MRP!$B$2:$B$221, $C13, MRP!$G$2:$G$221, J$1), SUMIFS(MRP!$J$2:$J$221, MRP!$B$2:$B$221, $C13, MRP!$G$2:$G$221, J$1), SUMIFS(MRP!$K$2:$K$221, MRP!$B$2:$B$221, $C13, MRP!$G$2:$G$221, J$1), SUMIFS(MRP!$L$2:$L$221, MRP!$B$2:$B$221, $C13, MRP!$G$2:$G$221, J$1) )*F13 -> 0 | K13: =SUM( SUMIFS(MRP!$H$2:$H$221, MRP!$B$2:$B$221, $C13, MRP!$G$2:$G$221, K$1), SUMIFS(MRP!$I$2:$I$221, MRP!$B$2:$B$221, $C13, MRP!$G$2:$G$221, K$1), SUMIFS(MRP!$J$2:$J$221, MRP!$B$2:$B$221, $C13, MRP!$G$2:$G$221, K$1), SUMIFS(MRP!$K$2:$K$221, MRP!$B$2:$B$221, $C13, MRP!$G$2:$G$221, K$1), SUMIFS(MRP!$L$2:$L$221, MRP!$B$2:$B$221, $C13, MRP!$G$2:$G$221, K$1) )*F13 -> 0 | L13: =TRIM(Tabla3[[#This Row],[CodInternoArti]]) -> 16208000A
... A113: =IF(ISNUMBER(_xlfn.XMATCH(Tabla3[[#This Row],[CodInternoArti]],'Tabla Articulos'!B:B)),"OK","NO ESTA") -> OK | B113: =IF(ISNUMBER(_xlfn.XMATCH('Calcular necesidad'!E:E,'Necesidad por familia'!A:A)),"OK","NO ESTA") -> OK | C113: 7790321020533 | D113: SERVILLETA BLANCA 33X33X1000U NUTRIRE | E113: =_xlfn.XLOOKUP(C113,'Tabla Articulos'!B:B,'Tabla Articulos'!D:D) -> SERVILLETA 33X33 NUTRIRE | F113: =_xlfn.XLOOKUP(C113,'Tabla Articulos'!B:B,'Tabla Articulos'!E:E) -> 1000 | G113: =SUM( SUMIFS(MRP!$H$2:$H$221, MRP!$B$2:$B$221, $C113, MRP!$G$2:$G$221, G$1), SUMIFS(MRP!$I$2:$I$221, MRP!$B$2:$B$221, $C113, MRP!$G$2:$G$221, G$1), SUMIFS(MRP!$J$2:$J$221, MRP!$B$2:$B$221, $C113, MRP!$G$2:$G$221, G$1), SUMIFS(MRP!$K$2:$K$221, MRP!$B$2:$B$221, $C113, MRP!$G$2:$G$221, G$1), SUMIFS(MRP!$L$2:$L$221, MRP!$B$2:$B$221, $C113, MRP!$G$2:$G$221, G$1) )*F113 -> 0 | H113: =SUM( SUMIFS(MRP!$H$2:$H$221, MRP!$B$2:$B$221, $C113, MRP!$G$2:$G$221, H$1), SUMIFS(MRP!$I$2:$I$221, MRP!$B$2:$B$221, $C113, MRP!$G$2:$G$221, H$1), SUMIFS(MRP!$J$2:$J$221, MRP!$B$2:$B$221, $C113, MRP!$G$2:$G$221, H$1), SUMIFS(MRP!$K$2:$K$221, MRP!$B$2:$B$221, $C113, MRP!$G$2:$G$221, H$1), SUMIFS(MRP!$L$2:$L$221, MRP!$B$2:$B$221, $C113, MRP!$G$2:$G$221, H$1) )*F113 -> 44000 | I113: =SUM( SUMIFS(MRP!$H$2:$H$221, MRP!$B$2:$B$221, $C113, MRP!$G$2:$G$221, I$1), SUMIFS(MRP!$I$2:$I$221, MRP!$B$2:$B$221, $C113, MRP!$G$2:$G$221, I$1), SUMIFS(MRP!$J$2:$J$221, MRP!$B$2:$B$221, $C113, MRP!$G$2:$G$221, I$1), SUMIFS(MRP!$K$2:$K$221, MRP!$B$2:$B$221, $C113, MRP!$G$2:$G$221, I$1), SUMIFS(MRP!$L$2:$L$221, MRP!$B$2:$B$221, $C113, MRP!$G$2:$G$221, I$1) )*F113 -> 0 | J113: =SUM( SUMIFS(MRP!$H$2:$H$221, MRP!$B$2:$B$221, $C113, MRP!$G$2:$G$221, J$1), SUMIFS(MRP!$I$2:$I$221, MRP!$B$2:$B$221, $C113, MRP!$G$2:$G$221, J$1), SUMIFS(MRP!$J$2:$J$221, MRP!$B$2:$B$221, $C113, MRP!$G$2:$G$221, J$1), SUMIFS(MRP!$K$2:$K$221, MRP!$B$2:$B$221, $C113, MRP!$G$2:$G$221, J$1), SUMIFS(MRP!$L$2:$L$221, MRP!$B$2:$B$221, $C113, MRP!$G$2:$G$221, J$1) )*F113 -> 0 | K113: =SUM( SUMIFS(MRP!$H$2:$H$221, MRP!$B$2:$B$221, $C113, MRP!$G$2:$G$221, K$1), SUMIFS(MRP!$I$2:$I$221, MRP!$B$2:$B$221, $C113, MRP!$G$2:$G$221, K$1), SUMIFS(MRP!$J$2:$J$221, MRP!$B$2:$B$221, $C113, MRP!$G$2:$G$221, K$1), SUMIFS(MRP!$K$2:$K$221, MRP!$B$2:$B$221, $C113, MRP!$G$2:$G$221, K$1), SUMIFS(MRP!$L$2:$L$221, MRP!$B$2:$B$221, $C113, MRP!$G$2:$G$221, K$1) )*F113 -> 0 | L113: =TRIM(Tabla3[[#This Row],[CodInternoArti]]) -> 7790321020533
A114: =IF(ISNUMBER(_xlfn.XMATCH(Tabla3[[#This Row],[CodInternoArti]],'Tabla Articulos'!B:B)),"OK","NO ESTA") -> OK | B114: =IF(ISNUMBER(_xlfn.XMATCH('Calcular necesidad'!E:E,'Necesidad por familia'!A:A)),"OK","NO ESTA") -> OK | C114: 1404700012 | D114: SERVILLETA S/LOGO BCA 14X14 | E114: =_xlfn.XLOOKUP(C114,'Tabla Articulos'!B:B,'Tabla Articulos'!D:D) -> SERVILLETA 30X30 S/LOGO | G114: =SUM( SUMIFS(MRP!$H$2:$H$221, MRP!$B$2:$B$221, $C114, MRP!$G$2:$G$221, G$1), SUMIFS(MRP!$I$2:$I$221, MRP!$B$2:$B$221, $C114, MRP!$G$2:$G$221, G$1), SUMIFS(MRP!$J$2:$J$221, MRP!$B$2:$B$221, $C114, MRP!$G$2:$G$221, G$1), SUMIFS(MRP!$K$2:$K$221, MRP!$B$2:$B$221, $C114, MRP!$G$2:$G$221, G$1), SUMIFS(MRP!$L$2:$L$221, MRP!$B$2:$B$221, $C114, MRP!$G$2:$G$221, G$1) )*F114 -> 0 | H114: =SUM( SUMIFS(MRP!$H$2:$H$221, MRP!$B$2:$B$221, $C114, MRP!$G$2:$G$221, H$1), SUMIFS(MRP!$I$2:$I$221, MRP!$B$2:$B$221, $C114, MRP!$G$2:$G$221, H$1), SUMIFS(MRP!$J$2:$J$221, MRP!$B$2:$B$221, $C114, MRP!$G$2:$G$221, H$1), SUMIFS(MRP!$K$2:$K$221, MRP!$B$2:$B$221, $C114, MRP!$G$2:$G$221, H$1), SUMIFS(MRP!$L$2:$L$221, MRP!$B$2:$B$221, $C114, MRP!$G$2:$G$221, H$1) )*F114 -> 0 | I114: =SUM( SUMIFS(MRP!$H$2:$H$221, MRP!$B$2:$B$221, $C114, MRP!$G$2:$G$221, I$1), SUMIFS(MRP!$I$2:$I$221, MRP!$B$2:$B$221, $C114, MRP!$G$2:$G$221, I$1), SUMIFS(MRP!$J$2:$J$221, MRP!$B$2:$B$221, $C114, MRP!$G$2:$G$221, I$1), SUMIFS(MRP!$K$2:$K$221, MRP!$B$2:$B$221, $C114, MRP!$G$2:$G$221, I$1), SUMIFS(MRP!$L$2:$L$221, MRP!$B$2:$B$221, $C114, MRP!$G$2:$G$221, I$1) )*F114 -> 0 | J114: =SUM( SUMIFS(MRP!$H$2:$H$221, MRP!$B$2:$B$221, $C114, MRP!$G$2:$G$221, J$1), SUMIFS(MRP!$I$2:$I$221, MRP!$B$2:$B$221, $C114, MRP!$G$2:$G$221, J$1), SUMIFS(MRP!$J$2:$J$221, MRP!$B$2:$B$221, $C114, MRP!$G$2:$G$221, J$1), SUMIFS(MRP!$K$2:$K$221, MRP!$B$2:$B$221, $C114, MRP!$G$2:$G$221, J$1), SUMIFS(MRP!$L$2:$L$221, MRP!$B$2:$B$221, $C114, MRP!$G$2:$G$221, J$1) )*F114 -> 0 | K114: =SUM( SUMIFS(MRP!$H$2:$H$221, MRP!$B$2:$B$221, $C114, MRP!$G$2:$G$221, K$1), SUMIFS(MRP!$I$2:$I$221, MRP!$B$2:$B$221, $C114, MRP!$G$2:$G$221, K$1), SUMIFS(MRP!$J$2:$J$221, MRP!$B$2:$B$221, $C114, MRP!$G$2:$G$221, K$1), SUMIFS(MRP!$K$2:$K$221, MRP!$B$2:$B$221, $C114, MRP!$G$2:$G$221, K$1), SUMIFS(MRP!$L$2:$L$221, MRP!$B$2:$B$221, $C114, MRP!$G$2:$G$221, K$1) )*F114 -> 0 | L114: =TRIM(Tabla3[[#This Row],[CodInternoArti]]) -> 1404700012
A115: =IF(ISNUMBER(_xlfn.XMATCH(Tabla3[[#This Row],[CodInternoArti]],'Tabla Articulos'!B:B)),"OK","NO ESTA") -> OK | B115: =IF(ISNUMBER(_xlfn.XMATCH('Calcular necesidad'!E:E,'Necesidad por familia'!A:A)),"OK","NO ESTA") -> OK | C115: 7791337118101 | D115: GUANTE LATEX GRANDE X100U NIPRO | E115: =_xlfn.XLOOKUP(C115,'Tabla Articulos'!B:B,'Tabla Articulos'!D:D) -> GUANTE LATEX L | F115: 100 | G115: =SUM( SUMIFS(MRP!$H$2:$H$221, MRP!$B$2:$B$221, $C115, MRP!$G$2:$G$221, G$1), SUMIFS(MRP!$I$2:$I$221, MRP!$B$2:$B$221, $C115, MRP!$G$2:$G$221, G$1), SUMIFS(MRP!$J$2:$J$221, MRP!$B$2:$B$221, $C115, MRP!$G$2:$G$221, G$1), SUMIFS(MRP!$K$2:$K$221, MRP!$B$2:$B$221, $C115, MRP!$G$2:$G$221, G$1), SUMIFS(MRP!$L$2:$L$221, MRP!$B$2:$B$221, $C115, MRP!$G$2:$G$221, G$1) )*F115 -> 0 | H115: =SUM( SUMIFS(MRP!$H$2:$H$221, MRP!$B$2:$B$221, $C115, MRP!$G$2:$G$221, H$1), SUMIFS(MRP!$I$2:$I$221, MRP!$B$2:$B$221, $C115, MRP!$G$2:$G$221, H$1), SUMIFS(MRP!$J$2:$J$221, MRP!$B$2:$B$221, $C115, MRP!$G$2:$G$221, H$1), SUMIFS(MRP!$K$2:$K$221, MRP!$B$2:$B$221, $C115, MRP!$G$2:$G$221, H$1), SUMIFS(MRP!$L$2:$L$221, MRP!$B$2:$B$221, $C115, MRP!$G$2:$G$221, H$1) )*F115 -> 0 | I115: =SUM( SUMIFS(MRP!$H$2:$H$221, MRP!$B$2:$B$221, $C115, MRP!$G$2:$G$221, I$1), SUMIFS(MRP!$I$2:$I$221, MRP!$B$2:$B$221, $C115, MRP!$G$2:$G$221, I$1), SUMIFS(MRP!$J$2:$J$221, MRP!$B$2:$B$221, $C115, MRP!$G$2:$G$221, I$1), SUMIFS(MRP!$K$2:$K$221, MRP!$B$2:$B$221, $C115, MRP!$G$2:$G$221, I$1), SUMIFS(MRP!$L$2:$L$221, MRP!$B$2:$B$221, $C115, MRP!$G$2:$G$221, I$1) )*F115 -> 0 | J115: =SUM( SUMIFS(MRP!$H$2:$H$221, MRP!$B$2:$B$221, $C115, MRP!$G$2:$G$221, J$1), SUMIFS(MRP!$I$2:$I$221, MRP!$B$2:$B$221, $C115, MRP!$G$2:$G$221, J$1), SUMIFS(MRP!$J$2:$J$221, MRP!$B$2:$B$221, $C115, MRP!$G$2:$G$221, J$1), SUMIFS(MRP!$K$2:$K$221, MRP!$B$2:$B$221, $C115, MRP!$G$2:$G$221, J$1), SUMIFS(MRP!$L$2:$L$221, MRP!$B$2:$B$221, $C115, MRP!$G$2:$G$221, J$1) )*F115 -> 0 | K115: =SUM( SUMIFS(MRP!$H$2:$H$221, MRP!$B$2:$B$221, $C115, MRP!$G$2:$G$221, K$1), SUMIFS(MRP!$I$2:$I$221, MRP!$B$2:$B$221, $C115, MRP!$G$2:$G$221, K$1), SUMIFS(MRP!$J$2:$J$221, MRP!$B$2:$B$221, $C115, MRP!$G$2:$G$221, K$1), SUMIFS(MRP!$K$2:$K$221, MRP!$B$2:$B$221, $C115, MRP!$G$2:$G$221, K$1), SUMIFS(MRP!$L$2:$L$221, MRP!$B$2:$B$221, $C115, MRP!$G$2:$G$221, K$1) )*F115 -> 0 | L115: =TRIM(Tabla3[[#This Row],[CodInternoArti]]) -> 7791337118101
A116: =IF(ISNUMBER(_xlfn.XMATCH(Tabla3[[#This Row],[CodInternoArti]],'Tabla Articulos'!B:B)),"OK","NO ESTA") -> OK | B116: =IF(ISNUMBER(_xlfn.XMATCH('Calcular necesidad'!E:E,'Necesidad por familia'!A:A)),"OK","NO ESTA") -> OK | C116: 7790321020393 | D116: VASO CRISTAL 325CCX800U | E116: =_xlfn.XLOOKUP(C116,'Tabla Articulos'!B:B,'Tabla Articulos'!D:D) -> VASO CRISTAL 325 | F116: 800 | G116: =SUM( SUMIFS(MRP!$H$2:$H$221, MRP!$B$2:$B$221, $C116, MRP!$G$2:$G$221, G$1), SUMIFS(MRP!$I$2:$I$221, MRP!$B$2:$B$221, $C116, MRP!$G$2:$G$221, G$1), SUMIFS(MRP!$J$2:$J$221, MRP!$B$2:$B$221, $C116, MRP!$G$2:$G$221, G$1), SUMIFS(MRP!$K$2:$K$221, MRP!$B$2:$B$221, $C116, MRP!$G$2:$G$221, G$1), SUMIFS(MRP!$L$2:$L$221, MRP!$B$2:$B$221, $C116, MRP!$G$2:$G$221, G$1) )*F116 -> 0 | H116: =SUM( SUMIFS(MRP!$H$2:$H$221, MRP!$B$2:$B$221, $C116, MRP!$G$2:$G$221, H$1), SUMIFS(MRP!$I$2:$I$221, MRP!$B$2:$B$221, $C116, MRP!$G$2:$G$221, H$1), SUMIFS(MRP!$J$2:$J$221, MRP!$B$2:$B$221, $C116, MRP!$G$2:$G$221, H$1), SUMIFS(MRP!$K$2:$K$221, MRP!$B$2:$B$221, $C116, MRP!$G$2:$G$221, H$1), SUMIFS(MRP!$L$2:$L$221, MRP!$B$2:$B$221, $C116, MRP!$G$2:$G$221, H$1) )*F116 -> 7200 | I116: =SUM( SUMIFS(MRP!$H$2:$H$221, MRP!$B$2:$B$221, $C116, MRP!$G$2:$G$221, I$1), SUMIFS(MRP!$I$2:$I$221, MRP!$B$2:$B$221, $C116, MRP!$G$2:$G$221, I$1), SUMIFS(MRP!$J$2:$J$221, MRP!$B$2:$B$221, $C116, MRP!$G$2:$G$221, I$1), SUMIFS(MRP!$K$2:$K$221, MRP!$B$2:$B$221, $C116, MRP!$G$2:$G$221, I$1), SUMIFS(MRP!$L$2:$L$221, MRP!$B$2:$B$221, $C116, MRP!$G$2:$G$221, I$1) )*F116 -> 0 | J116: =SUM( SUMIFS(MRP!$H$2:$H$221, MRP!$B$2:$B$221, $C116, MRP!$G$2:$G$221, J$1), SUMIFS(MRP!$I$2:$I$221, MRP!$B$2:$B$221, $C116, MRP!$G$2:$G$221, J$1), SUMIFS(MRP!$J$2:$J$221, MRP!$B$2:$B$221, $C116, MRP!$G$2:$G$221, J$1), SUMIFS(MRP!$K$2:$K$221, MRP!$B$2:$B$221, $C116, MRP!$G$2:$G$221, J$1), SUMIFS(MRP!$L$2:$L$221, MRP!$B$2:$B$221, $C116, MRP!$G$2:$G$221, J$1) )*F116 -> 0 | K116: =SUM( SUMIFS(MRP!$H$2:$H$221, MRP!$B$2:$B$221, $C116, MRP!$G$2:$G$221, K$1), SUMIFS(MRP!$I$2:$I$221, MRP!$B$2:$B$221, $C116, MRP!$G$2:$G$221, K$1), SUMIFS(MRP!$J$2:$J$221, MRP!$B$2:$B$221, $C116, MRP!$G$2:$G$221, K$1), SUMIFS(MRP!$K$2:$K$221, MRP!$B$2:$B$221, $C116, MRP!$G$2:$G$221, K$1), SUMIFS(MRP!$L$2:$L$221, MRP!$B$2:$B$221, $C116, MRP!$G$2:$G$221, K$1) )*F116 -> 0 | L116: =TRIM(Tabla3[[#This Row],[CodInternoArti]]) -> 7790321020393
A117: =IF(ISNUMBER(_xlfn.XMATCH(Tabla3[[#This Row],[CodInternoArti]],'Tabla Articulos'!B:B)),"OK","NO ESTA") -> OK | B117: =IF(ISNUMBER(_xlfn.XMATCH('Calcular necesidad'!E:E,'Necesidad por familia'!A:A)),"OK","NO ESTA") -> OK | C117: 7790321020329 | D117: TAPA VASO TERMICO 240CCX50 | E117: =_xlfn.XLOOKUP(C117,'Tabla Articulos'!B:B,'Tabla Articulos'!D:D) -> TAPA VASO TERMICO 240 | F117: =_xlfn.XLOOKUP(C117,'Tabla Articulos'!B:B,'Tabla Articulos'!E:E) -> 50 | G117: =SUM( SUMIFS(MRP!$H$2:$H$221, MRP!$B$2:$B$221, $C117, MRP!$G$2:$G$221, G$1), SUMIFS(MRP!$I$2:$I$221, MRP!$B$2:$B$221, $C117, MRP!$G$2:$G$221, G$1), SUMIFS(MRP!$J$2:$J$221, MRP!$B$2:$B$221, $C117, MRP!$G$2:$G$221, G$1), SUMIFS(MRP!$K$2:$K$221, MRP!$B$2:$B$221, $C117, MRP!$G$2:$G$221, G$1), SUMIFS(MRP!$L$2:$L$221, MRP!$B$2:$B$221, $C117, MRP!$G$2:$G$221, G$1) )*F117 -> 0 | H117: =SUM( SUMIFS(MRP!$H$2:$H$221, MRP!$B$2:$B$221, $C117, MRP!$G$2:$G$221, H$1), SUMIFS(MRP!$I$2:$I$221, MRP!$B$2:$B$221, $C117, MRP!$G$2:$G$221, H$1), SUMIFS(MRP!$J$2:$J$221, MRP!$B$2:$B$221, $C117, MRP!$G$2:$G$221, H$1), SUMIFS(MRP!$K$2:$K$221, MRP!$B$2:$B$221, $C117, MRP!$G$2:$G$221, H$1), SUMIFS(MRP!$L$2:$L$221, MRP!$B$2:$B$221, $C117, MRP!$G$2:$G$221, H$1) )*F117 -> 17500 | I117: =SUM( SUMIFS(MRP!$H$2:$H$221, MRP!$B$2:$B$221, $C117, MRP!$G$2:$G$221, I$1), SUMIFS(MRP!$I$2:$I$221, MRP!$B$2:$B$221, $C117, MRP!$G$2:$G$221, I$1), SUMIFS(MRP!$J$2:$J$221, MRP!$B$2:$B$221, $C117, MRP!$G$2:$G$221, I$1), SUMIFS(MRP!$K$2:$K$221, MRP!$B$2:$B$221, $C117, MRP!$G$2:$G$221, I$1), SUMIFS(MRP!$L$2:$L$221, MRP!$B$2:$B$221, $C117, MRP!$G$2:$G$221, I$1) )*F117 -> 0 | J117: =SUM( SUMIFS(MRP!$H$2:$H$221, MRP!$B$2:$B$221, $C117, MRP!$G$2:$G$221, J$1), SUMIFS(MRP!$I$2:$I$221, MRP!$B$2:$B$221, $C117, MRP!$G$2:$G$221, J$1), SUMIFS(MRP!$J$2:$J$221, MRP!$B$2:$B$221, $C117, MRP!$G$2:$G$221, J$1), SUMIFS(MRP!$K$2:$K$221, MRP!$B$2:$B$221, $C117, MRP!$G$2:$G$221, J$1), SUMIFS(MRP!$L$2:$L$221, MRP!$B$2:$B$221, $C117, MRP!$G$2:$G$221, J$1) )*F117 -> 0 | K117: =SUM( SUMIFS(MRP!$H$2:$H$221, MRP!$B$2:$B$221, $C117, MRP!$G$2:$G$221, K$1), SUMIFS(MRP!$I$2:$I$221, MRP!$B$2:$B$221, $C117, MRP!$G$2:$G$221, K$1), SUMIFS(MRP!$J$2:$J$221, MRP!$B$2:$B$221, $C117, MRP!$G$2:$G$221, K$1), SUMIFS(MRP!$K$2:$K$221, MRP!$B$2:$B$221, $C117, MRP!$G$2:$G$221, K$1), SUMIFS(MRP!$L$2:$L$221, MRP!$B$2:$B$221, $C117, MRP!$G$2:$G$221, K$1) )*F117 -> 0 | L117: =TRIM(Tabla3[[#This Row],[CodInternoArti]]) -> 7790321020329
A118: =IF(ISNUMBER(_xlfn.XMATCH(Tabla3[[#This Row],[CodInternoArti]],'Tabla Articulos'!B:B)),"OK","NO ESTA") -> OK | B118: =IF(ISNUMBER(_xlfn.XMATCH('Calcular necesidad'!E:E,'Necesidad por familia'!A:A)),"OK","NO ESTA") -> OK | C118: 9992017100464 | D118: FILM APTO TEMP 38X1000M XU RESIMAX | E118: =_xlfn.XLOOKUP(C118,'Tabla Articulos'!B:B,'Tabla Articulos'!D:D) -> FILM PVC 38 | F118: 1 | G118: =SUM( SUMIFS(MRP!$H$2:$H$221, MRP!$B$2:$B$221, $C118, MRP!$G$2:$G$221, G$1), SUMIFS(MRP!$I$2:$I$221, MRP!$B$2:$B$221, $C118, MRP!$G$2:$G$221, G$1), SUMIFS(MRP!$J$2:$J$221, MRP!$B$2:$B$221, $C118, MRP!$G$2:$G$221, G$1), SUMIFS(MRP!$K$2:$K$221, MRP!$B$2:$B$221, $C118, MRP!$G$2:$G$221, G$1), SUMIFS(MRP!$L$2:$L$221, MRP!$B$2:$B$221, $C118, MRP!$G$2:$G$221, G$1) )*F118 -> 0 | H118: =SUM( SUMIFS(MRP!$H$2:$H$221, MRP!$B$2:$B$221, $C118, MRP!$G$2:$G$221, H$1), SUMIFS(MRP!$I$2:$I$221, MRP!$B$2:$B$221, $C118, MRP!$G$2:$G$221, H$1), SUMIFS(MRP!$J$2:$J$221, MRP!$B$2:$B$221, $C118, MRP!$G$2:$G$221, H$1), SUMIFS(MRP!$K$2:$K$221, MRP!$B$2:$B$221, $C118, MRP!$G$2:$G$221, H$1), SUMIFS(MRP!$L$2:$L$221, MRP!$B$2:$B$221, $C118, MRP!$G$2:$G$221, H$1) )*F118 -> 126 | I118: =SUM( SUMIFS(MRP!$H$2:$H$221, MRP!$B$2:$B$221, $C118, MRP!$G$2:$G$221, I$1), SUMIFS(MRP!$I$2:$I$221, MRP!$B$2:$B$221, $C118, MRP!$G$2:$G$221, I$1), SUMIFS(MRP!$J$2:$J$221, MRP!$B$2:$B$221, $C118, MRP!$G$2:$G$221, I$1), SUMIFS(MRP!$K$2:$K$221, MRP!$B$2:$B$221, $C118, MRP!$G$2:$G$221, I$1), SUMIFS(MRP!$L$2:$L$221, MRP!$B$2:$B$221, $C118, MRP!$G$2:$G$221, I$1) )*F118 -> 0 | J118: =SUM( SUMIFS(MRP!$H$2:$H$221, MRP!$B$2:$B$221, $C118, MRP!$G$2:$G$221, J$1), SUMIFS(MRP!$I$2:$I$221, MRP!$B$2:$B$221, $C118, MRP!$G$2:$G$221, J$1), SUMIFS(MRP!$J$2:$J$221, MRP!$B$2:$B$221, $C118, MRP!$G$2:$G$221, J$1), SUMIFS(MRP!$K$2:$K$221, MRP!$B$2:$B$221, $C118, MRP!$G$2:$G$221, J$1), SUMIFS(MRP!$L$2:$L$221, MRP!$B$2:$B$221, $C118, MRP!$G$2:$G$221, J$1) )*F118 -> 0 | K118: =SUM( SUMIFS(MRP!$H$2:$H$221, MRP!$B$2:$B$221, $C118, MRP!$G$2:$G$221, K$1), SUMIFS(MRP!$I$2:$I$221, MRP!$B$2:$B$221, $C118, MRP!$G$2:$G$221, K$1), SUMIFS(MRP!$J$2:$J$221, MRP!$B$2:$B$221, $C118, MRP!$G$2:$G$221, K$1), SUMIFS(MRP!$K$2:$K$221, MRP!$B$2:$B$221, $C118, MRP!$G$2:$G$221, K$1), SUMIFS(MRP!$L$2:$L$221, MRP!$B$2:$B$221, $C118, MRP!$G$2:$G$221, K$1) )*F118 -> 0 | L118: =TRIM(Tabla3[[#This Row],[CodInternoArti]]) -> 9992017100464
A119: =IF(ISNUMBER(_xlfn.XMATCH(Tabla3[[#This Row],[CodInternoArti]],'Tabla Articulos'!B:B)),"OK","NO ESTA") -> OK | B119: =IF(ISNUMBER(_xlfn.XMATCH('Calcular necesidad'!E:E,'Necesidad por familia'!A:A)),"OK","NO ESTA") -> OK | C119: 7790321020387 | D119: VASO TERMICO X180CCX 50U | E119: =_xlfn.XLOOKUP(C119,'Tabla Articulos'!B:B,'Tabla Articulos'!D:D) -> VASO TERMICO 180 | F119: =_xlfn.XLOOKUP(C119,'Tabla Articulos'!B:B,'Tabla Articulos'!E:E) -> 50 | G119: =SUM( SUMIFS(MRP!$H$2:$H$221, MRP!$B$2:$B$221, $C119, MRP!$G$2:$G$221, G$1), SUMIFS(MRP!$I$2:$I$221, MRP!$B$2:$B$221, $C119, MRP!$G$2:$G$221, G$1), SUMIFS(MRP!$J$2:$J$221, MRP!$B$2:$B$221, $C119, MRP!$G$2:$G$221, G$1), SUMIFS(MRP!$K$2:$K$221, MRP!$B$2:$B$221, $C119, MRP!$G$2:$G$221, G$1), SUMIFS(MRP!$L$2:$L$221, MRP!$B$2:$B$221, $C119, MRP!$G$2:$G$221, G$1) )*F119 -> 0 | H119: =SUM( SUMIFS(MRP!$H$2:$H$221, MRP!$B$2:$B$221, $C119, MRP!$G$2:$G$221, H$1), SUMIFS(MRP!$I$2:$I$221, MRP!$B$2:$B$221, $C119, MRP!$G$2:$G$221, H$1), SUMIFS(MRP!$J$2:$J$221, MRP!$B$2:$B$221, $C119, MRP!$G$2:$G$221, H$1), SUMIFS(MRP!$K$2:$K$221, MRP!$B$2:$B$221, $C119, MRP!$G$2:$G$221, H$1), SUMIFS(MRP!$L$2:$L$221, MRP!$B$2:$B$221, $C119, MRP!$G$2:$G$221, H$1) )*F119 -> 250 | I119: =SUM( SUMIFS(MRP!$H$2:$H$221, MRP!$B$2:$B$221, $C119, MRP!$G$2:$G$221, I$1), SUMIFS(MRP!$I$2:$I$221, MRP!$B$2:$B$221, $C119, MRP!$G$2:$G$221, I$1), SUMIFS(MRP!$J$2:$J$221, MRP!$B$2:$B$221, $C119, MRP!$G$2:$G$221, I$1), SUMIFS(MRP!$K$2:$K$221, MRP!$B$2:$B$221, $C119, MRP!$G$2:$G$221, I$1), SUMIFS(MRP!$L$2:$L$221, MRP!$B$2:$B$221, $C119, MRP!$G$2:$G$221, I$1) )*F119 -> 0 | J119: =SUM( SUMIFS(MRP!$H$2:$H$221, MRP!$B$2:$B$221, $C119, MRP!$G$2:$G$221, J$1), SUMIFS(MRP!$I$2:$I$221, MRP!$B$2:$B$221, $C119, MRP!$G$2:$G$221, J$1), SUMIFS(MRP!$J$2:$J$221, MRP!$B$2:$B$221, $C119, MRP!$G$2:$G$221, J$1), SUMIFS(MRP!$K$2:$K$221, MRP!$B$2:$B$221, $C119, MRP!$G$2:$G$221, J$1), SUMIFS(MRP!$L$2:$L$221, MRP!$B$2:$B$221, $C119, MRP!$G$2:$G$221, J$1) )*F119 -> 0 | K119: =SUM( SUMIFS(MRP!$H$2:$H$221, MRP!$B$2:$B$221, $C119, MRP!$G$2:$G$221, K$1), SUMIFS(MRP!$I$2:$I$221, MRP!$B$2:$B$221, $C119, MRP!$G$2:$G$221, K$1), SUMIFS(MRP!$J$2:$J$221, MRP!$B$2:$B$221, $C119, MRP!$G$2:$G$221, K$1), SUMIFS(MRP!$K$2:$K$221, MRP!$B$2:$B$221, $C119, MRP!$G$2:$G$221, K$1), SUMIFS(MRP!$L$2:$L$221, MRP!$B$2:$B$221, $C119, MRP!$G$2:$G$221, K$1) )*F119 -> 0 | L119: =TRIM(Tabla3[[#This Row],[CodInternoArti]]) -> 7790321020387
A120: =IF(ISNUMBER(_xlfn.XMATCH(Tabla3[[#This Row],[CodInternoArti]],'Tabla Articulos'!B:B)),"OK","NO ESTA") -> OK | B120: =IF(ISNUMBER(_xlfn.XMATCH('Calcular necesidad'!E:E,'Necesidad por familia'!A:A)),"OK","NO ESTA") -> OK | C120: 7790430132763 | D120: GUANTES LATEX LARGE X100U | E120: =_xlfn.XLOOKUP(C120,'Tabla Articulos'!B:B,'Tabla Articulos'!D:D) -> GUANTE LATEX L | F120: 100 | G120: =SUM( SUMIFS(MRP!$H$2:$H$221, MRP!$B$2:$B$221, $C120, MRP!$G$2:$G$221, G$1), SUMIFS(MRP!$I$2:$I$221, MRP!$B$2:$B$221, $C120, MRP!$G$2:$G$221, G$1), SUMIFS(MRP!$J$2:$J$221, MRP!$B$2:$B$221, $C120, MRP!$G$2:$G$221, G$1), SUMIFS(MRP!$K$2:$K$221, MRP!$B$2:$B$221, $C120, MRP!$G$2:$G$221, G$1), SUMIFS(MRP!$L$2:$L$221, MRP!$B$2:$B$221, $C120, MRP!$G$2:$G$221, G$1) )*F120 -> 0 | H120: =SUM( SUMIFS(MRP!$H$2:$H$221, MRP!$B$2:$B$221, $C120, MRP!$G$2:$G$221, H$1), SUMIFS(MRP!$I$2:$I$221, MRP!$B$2:$B$221, $C120, MRP!$G$2:$G$221, H$1), SUMIFS(MRP!$J$2:$J$221, MRP!$B$2:$B$221, $C120, MRP!$G$2:$G$221, H$1), SUMIFS(MRP!$K$2:$K$221, MRP!$B$2:$B$221, $C120, MRP!$G$2:$G$221, H$1), SUMIFS(MRP!$L$2:$L$221, MRP!$B$2:$B$221, $C120, MRP!$G$2:$G$221, H$1) )*F120 -> 200 | I120: =SUM( SUMIFS(MRP!$H$2:$H$221, MRP!$B$2:$B$221, $C120, MRP!$G$2:$G$221, I$1), SUMIFS(MRP!$I$2:$I$221, MRP!$B$2:$B$221, $C120, MRP!$G$2:$G$221, I$1), SUMIFS(MRP!$J$2:$J$221, MRP!$B$2:$B$221, $C120, MRP!$G$2:$G$221, I$1), SUMIFS(MRP!$K$2:$K$221, MRP!$B$2:$B$221, $C120, MRP!$G$2:$G$221, I$1), SUMIFS(MRP!$L$2:$L$221, MRP!$B$2:$B$221, $C120, MRP!$G$2:$G$221, I$1) )*F120 -> 0 | J120: =SUM( SUMIFS(MRP!$H$2:$H$221, MRP!$B$2:$B$221, $C120, MRP!$G$2:$G$221, J$1), SUMIFS(MRP!$I$2:$I$221, MRP!$B$2:$B$221, $C120, MRP!$G$2:$G$221, J$1), SUMIFS(MRP!$J$2:$J$221, MRP!$B$2:$B$221, $C120, MRP!$G$2:$G$221, J$1), SUMIFS(MRP!$K$2:$K$221, MRP!$B$2:$B$221, $C120, MRP!$G$2:$G$221, J$1), SUMIFS(MRP!$L$2:$L$221, MRP!$B$2:$B$221, $C120, MRP!$G$2:$G$221, J$1) )*F120 -> 0 | K120: =SUM( SUMIFS(MRP!$H$2:$H$221, MRP!$B$2:$B$221, $C120, MRP!$G$2:$G$221, K$1), SUMIFS(MRP!$I$2:$I$221, MRP!$B$2:$B$221, $C120, MRP!$G$2:$G$221, K$1), SUMIFS(MRP!$J$2:$J$221, MRP!$B$2:$B$221, $C120, MRP!$G$2:$G$221, K$1), SUMIFS(MRP!$K$2:$K$221, MRP!$B$2:$B$221, $C120, MRP!$G$2:$G$221, K$1), SUMIFS(MRP!$L$2:$L$221, MRP!$B$2:$B$221, $C120, MRP!$G$2:$G$221, K$1) )*F120 -> 0 | L120: =TRIM(Tabla3[[#This Row],[CodInternoArti]]) -> 7790430132763
A121: =IF(ISNUMBER(_xlfn.XMATCH(Tabla3[[#This Row],[CodInternoArti]],'Tabla Articulos'!B:B)),"OK","NO ESTA") -> OK | B121: =IF(ISNUMBER(_xlfn.XMATCH('Calcular necesidad'!E:E,'Necesidad por familia'!A:A)),"OK","NO ESTA") -> OK | C121: 7790321020389 | D121: TAPA DOMO CUCHARA X800U | E121: =_xlfn.XLOOKUP(C121,'Tabla Articulos'!B:B,'Tabla Articulos'!D:D) -> TAPA DOMO | F121: 800 | G121: =SUM( SUMIFS(MRP!$H$2:$H$221, MRP!$B$2:$B$221, $C121, MRP!$G$2:$G$221, G$1), SUMIFS(MRP!$I$2:$I$221, MRP!$B$2:$B$221, $C121, MRP!$G$2:$G$221, G$1), SUMIFS(MRP!$J$2:$J$221, MRP!$B$2:$B$221, $C121, MRP!$G$2:$G$221, G$1), SUMIFS(MRP!$K$2:$K$221, MRP!$B$2:$B$221, $C121, MRP!$G$2:$G$221, G$1), SUMIFS(MRP!$L$2:$L$221, MRP!$B$2:$B$221, $C121, MRP!$G$2:$G$221, G$1) )*F121 -> 0 | H121: =SUM( SUMIFS(MRP!$H$2:$H$221, MRP!$B$2:$B$221, $C121, MRP!$G$2:$G$221, H$1), SUMIFS(MRP!$I$2:$I$221, MRP!$B$2:$B$221, $C121, MRP!$G$2:$G$221, H$1), SUMIFS(MRP!$J$2:$J$221, MRP!$B$2:$B$221, $C121, MRP!$G$2:$G$221, H$1), SUMIFS(MRP!$K$2:$K$221, MRP!$B$2:$B$221, $C121, MRP!$G$2:$G$221, H$1), SUMIFS(MRP!$L$2:$L$221, MRP!$B$2:$B$221, $C121, MRP!$G$2:$G$221, H$1) )*F121 -> 800 | I121: =SUM( SUMIFS(MRP!$H$2:$H$221, MRP!$B$2:$B$221, $C121, MRP!$G$2:$G$221, I$1), SUMIFS(MRP!$I$2:$I$221, MRP!$B$2:$B$221, $C121, MRP!$G$2:$G$221, I$1), SUMIFS(MRP!$J$2:$J$221, MRP!$B$2:$B$221, $C121, MRP!$G$2:$G$221, I$1), SUMIFS(MRP!$K$2:$K$221, MRP!$B$2:$B$221, $C121, MRP!$G$2:$G$221, I$1), SUMIFS(MRP!$L$2:$L$221, MRP!$B$2:$B$221, $C121, MRP!$G$2:$G$221, I$1) )*F121 -> 0 | J121: =SUM( SUMIFS(MRP!$H$2:$H$221, MRP!$B$2:$B$221, $C121, MRP!$G$2:$G$221, J$1), SUMIFS(MRP!$I$2:$I$221, MRP!$B$2:$B$221, $C121, MRP!$G$2:$G$221, J$1), SUMIFS(MRP!$J$2:$J$221, MRP!$B$2:$B$221, $C121, MRP!$G$2:$G$221, J$1), SUMIFS(MRP!$K$2:$K$221, MRP!$B$2:$B$221, $C121, MRP!$G$2:$G$221, J$1), SUMIFS(MRP!$L$2:$L$221, MRP!$B$2:$B$221, $C121, MRP!$G$2:$G$221, J$1) )*F121 -> 0 | K121: =SUM( SUMIFS(MRP!$H$2:$H$221, MRP!$B$2:$B$221, $C121, MRP!$G$2:$G$221, K$1), SUMIFS(MRP!$I$2:$I$221, MRP!$B$2:$B$221, $C121, MRP!$G$2:$G$221, K$1), SUMIFS(MRP!$J$2:$J$221, MRP!$B$2:$B$221, $C121, MRP!$G$2:$G$221, K$1), SUMIFS(MRP!$K$2:$K$221, MRP!$B$2:$B$221, $C121, MRP!$G$2:$G$221, K$1), SUMIFS(MRP!$L$2:$L$221, MRP!$B$2:$B$221, $C121, MRP!$G$2:$G$221, K$1) )*F121 -> 0 | L121: =TRIM(Tabla3[[#This Row],[CodInternoArti]]) -> 7790321020389
A122: =IF(ISNUMBER(_xlfn.XMATCH(Tabla3[[#This Row],[CodInternoArti]],'Tabla Articulos'!B:B)),"OK","NO ESTA") -> OK | B122: =IF(ISNUMBER(_xlfn.XMATCH('Calcular necesidad'!E:E,'Necesidad por familia'!A:A)),"OK","NO ESTA") -> OK | C122: 7905512648244 | D122: ROLLO BOLSA ARRANQUE 60X70 DISTRIBUCION | E122: =_xlfn.XLOOKUP(C122,'Tabla Articulos'!B:B,'Tabla Articulos'!D:D) -> ARRANQUE 60X90 | F122: 1 | G122: =SUM( SUMIFS(MRP!$H$2:$H$221, MRP!$B$2:$B$221, $C122, MRP!$G$2:$G$221, G$1), SUMIFS(MRP!$I$2:$I$221, MRP!$B$2:$B$221, $C122, MRP!$G$2:$G$221, G$1), SUMIFS(MRP!$J$2:$J$221, MRP!$B$2:$B$221, $C122, MRP!$G$2:$G$221, G$1), SUMIFS(MRP!$K$2:$K$221, MRP!$B$2:$B$221, $C122, MRP!$G$2:$G$221, G$1), SUMIFS(MRP!$L$2:$L$221, MRP!$B$2:$B$221, $C122, MRP!$G$2:$G$221, G$1) )*F122 -> 0 | H122: =SUM( SUMIFS(MRP!$H$2:$H$221, MRP!$B$2:$B$221, $C122, MRP!$G$2:$G$221, H$1), SUMIFS(MRP!$I$2:$I$221, MRP!$B$2:$B$221, $C122, MRP!$G$2:$G$221, H$1), SUMIFS(MRP!$J$2:$J$221, MRP!$B$2:$B$221, $C122, MRP!$G$2:$G$221, H$1), SUMIFS(MRP!$K$2:$K$221, MRP!$B$2:$B$221, $C122, MRP!$G$2:$G$221, H$1), SUMIFS(MRP!$L$2:$L$221, MRP!$B$2:$B$221, $C122, MRP!$G$2:$G$221, H$1) )*F122 -> 0 | I122: =SUM( SUMIFS(MRP!$H$2:$H$221, MRP!$B$2:$B$221, $C122, MRP!$G$2:$G$221, I$1), SUMIFS(MRP!$I$2:$I$221, MRP!$B$2:$B$221, $C122, MRP!$G$2:$G$221, I$1), SUMIFS(MRP!$J$2:$J$221, MRP!$B$2:$B$221, $C122, MRP!$G$2:$G$221, I$1), SUMIFS(MRP!$K$2:$K$221, MRP!$B$2:$B$221, $C122, MRP!$G$2:$G$221, I$1), SUMIFS(MRP!$L$2:$L$221, MRP!$B$2:$B$221, $C122, MRP!$G$2:$G$221, I$1) )*F122 -> 0 | J122: =SUM( SUMIFS(MRP!$H$2:$H$221, MRP!$B$2:$B$221, $C122, MRP!$G$2:$G$221, J$1), SUMIFS(MRP!$I$2:$I$221, MRP!$B$2:$B$221, $C122, MRP!$G$2:$G$221, J$1), SUMIFS(MRP!$J$2:$J$221, MRP!$B$2:$B$221, $C122, MRP!$G$2:$G$221, J$1), SUMIFS(MRP!$K$2:$K$221, MRP!$B$2:$B$221, $C122, MRP!$G$2:$G$221, J$1), SUMIFS(MRP!$L$2:$L$221, MRP!$B$2:$B$221, $C122, MRP!$G$2:$G$221, J$1) )*F122 -> 0 | K122: =SUM( SUMIFS(MRP!$H$2:$H$221, MRP!$B$2:$B$221, $C122, MRP!$G$2:$G$221, K$1), SUMIFS(MRP!$I$2:$I$221, MRP!$B$2:$B$221, $C122, MRP!$G$2:$G$221, K$1), SUMIFS(MRP!$J$2:$J$221, MRP!$B$2:$B$221, $C122, MRP!$G$2:$G$221, K$1), SUMIFS(MRP!$K$2:$K$221, MRP!$B$2:$B$221, $C122, MRP!$G$2:$G$221, K$1), SUMIFS(MRP!$L$2:$L$221, MRP!$B$2:$B$221, $C122, MRP!$G$2:$G$221, K$1) )*F122 -> 0 | L122: =TRIM(Tabla3[[#This Row],[CodInternoArti]]) -> 7905512648244
A123: =IF(ISNUMBER(_xlfn.XMATCH(Tabla3[[#This Row],[CodInternoArti]],'Tabla Articulos'!B:B)),"OK","NO ESTA") -> OK | B123: =IF(ISNUMBER(_xlfn.XMATCH('Calcular necesidad'!E:E,'Necesidad por familia'!A:A)),"OK","NO ESTA") -> OK | C123: 17790250912825 | D123: SERVILLETA INTERCALADA X250U ELITE | E123: =_xlfn.XLOOKUP(C123,'Tabla Articulos'!B:B,'Tabla Articulos'!D:D) -> SERVILLETA 16X21 | F123: 8400 | G123: =SUM( SUMIFS(MRP!$H$2:$H$221, MRP!$B$2:$B$221, $C123, MRP!$G$2:$G$221, G$1), SUMIFS(MRP!$I$2:$I$221, MRP!$B$2:$B$221, $C123, MRP!$G$2:$G$221, G$1), SUMIFS(MRP!$J$2:$J$221, MRP!$B$2:$B$221, $C123, MRP!$G$2:$G$221, G$1), SUMIFS(MRP!$K$2:$K$221, MRP!$B$2:$B$221, $C123, MRP!$G$2:$G$221, G$1), SUMIFS(MRP!$L$2:$L$221, MRP!$B$2:$B$221, $C123, MRP!$G$2:$G$221, G$1) )*F123 -> 0 | H123: =SUM( SUMIFS(MRP!$H$2:$H$221, MRP!$B$2:$B$221, $C123, MRP!$G$2:$G$221, H$1), SUMIFS(MRP!$I$2:$I$221, MRP!$B$2:$B$221, $C123, MRP!$G$2:$G$221, H$1), SUMIFS(MRP!$J$2:$J$221, MRP!$B$2:$B$221, $C123, MRP!$G$2:$G$221, H$1), SUMIFS(MRP!$K$2:$K$221, MRP!$B$2:$B$221, $C123, MRP!$G$2:$G$221, H$1), SUMIFS(MRP!$L$2:$L$221, MRP!$B$2:$B$221, $C123, MRP!$G$2:$G$221, H$1) )*F123 -> 16800 | I123: =SUM( SUMIFS(MRP!$H$2:$H$221, MRP!$B$2:$B$221, $C123, MRP!$G$2:$G$221, I$1), SUMIFS(MRP!$I$2:$I$221, MRP!$B$2:$B$221, $C123, MRP!$G$2:$G$221, I$1), SUMIFS(MRP!$J$2:$J$221, MRP!$B$2:$B$221, $C123, MRP!$G$2:$G$221, I$1), SUMIFS(MRP!$K$2:$K$221, MRP!$B$2:$B$221, $C123, MRP!$G$2:$G$221, I$1), SUMIFS(MRP!$L$2:$L$221, MRP!$B$2:$B$221, $C123, MRP!$G$2:$G$221, I$1) )*F123 -> 0 | J123: =SUM( SUMIFS(MRP!$H$2:$H$221, MRP!$B$2:$B$221, $C123, MRP!$G$2:$G$221, J$1), SUMIFS(MRP!$I$2:$I$221, MRP!$B$2:$B$221, $C123, MRP!$G$2:$G$221, J$1), SUMIFS(MRP!$J$2:$J$221, MRP!$B$2:$B$221, $C123, MRP!$G$2:$G$221, J$1), SUMIFS(MRP!$K$2:$K$221, MRP!$B$2:$B$221, $C123, MRP!$G$2:$G$221, J$1), SUMIFS(MRP!$L$2:$L$221, MRP!$B$2:$B$221, $C123, MRP!$G$2:$G$221, J$1) )*F123 -> 0 | K123: =SUM( SUMIFS(MRP!$H$2:$H$221, MRP!$B$2:$B$221, $C123, MRP!$G$2:$G$221, K$1), SUMIFS(MRP!$I$2:$I$221, MRP!$B$2:$B$221, $C123, MRP!$G$2:$G$221, K$1), SUMIFS(MRP!$J$2:$J$221, MRP!$B$2:$B$221, $C123, MRP!$G$2:$G$221, K$1), SUMIFS(MRP!$K$2:$K$221, MRP!$B$2:$B$221, $C123, MRP!$G$2:$G$221, K$1), SUMIFS(MRP!$L$2:$L$221, MRP!$B$2:$B$221, $C123, MRP!$G$2:$G$221, K$1) )*F123 -> 0 | L123: =TRIM(Tabla3[[#This Row],[CodInternoArti]]) -> 17790250912825
A124: =IF(ISNUMBER(_xlfn.XMATCH(Tabla3[[#This Row],[CodInternoArti]],'Tabla Articulos'!B:B)),"OK","NO ESTA") -> OK | B124: =IF(ISNUMBER(_xlfn.XMATCH('Calcular necesidad'!E:E,'Necesidad por familia'!A:A)),"OK","NO ESTA") -> OK | C124: 7790430132764 | D124: GUANTES LATEX MEDIUM X100U | E124: =_xlfn.XLOOKUP(C124,'Tabla Articulos'!B:B,'Tabla Articulos'!D:D) -> GUANTE LATEX M | F124: 100 | G124: =SUM( SUMIFS(MRP!$H$2:$H$221, MRP!$B$2:$B$221, $C124, MRP!$G$2:$G$221, G$1), SUMIFS(MRP!$I$2:$I$221, MRP!$B$2:$B$221, $C124, MRP!$G$2:$G$221, G$1), SUMIFS(MRP!$J$2:$J$221, MRP!$B$2:$B$221, $C124, MRP!$G$2:$G$221, G$1), SUMIFS(MRP!$K$2:$K$221, MRP!$B$2:$B$221, $C124, MRP!$G$2:$G$221, G$1), SUMIFS(MRP!$L$2:$L$221, MRP!$B$2:$B$221, $C124, MRP!$G$2:$G$221, G$1) )*F124 -> 0 | H124: =SUM( SUMIFS(MRP!$H$2:$H$221, MRP!$B$2:$B$221, $C124, MRP!$G$2:$G$221, H$1), SUMIFS(MRP!$I$2:$I$221, MRP!$B$2:$B$221, $C124, MRP!$G$2:$G$221, H$1), SUMIFS(MRP!$J$2:$J$221, MRP!$B$2:$B$221, $C124, MRP!$G$2:$G$221, H$1), SUMIFS(MRP!$K$2:$K$221, MRP!$B$2:$B$221, $C124, MRP!$G$2:$G$221, H$1), SUMIFS(MRP!$L$2:$L$221, MRP!$B$2:$B$221, $C124, MRP!$G$2:$G$221, H$1) )*F124 -> 4700 | I124: =SUM( SUMIFS(MRP!$H$2:$H$221, MRP!$B$2:$B$221, $C124, MRP!$G$2:$G$221, I$1), SUMIFS(MRP!$I$2:$I$221, MRP!$B$2:$B$221, $C124, MRP!$G$2:$G$221, I$1), SUMIFS(MRP!$J$2:$J$221, MRP!$B$2:$B$221, $C124, MRP!$G$2:$G$221, I$1), SUMIFS(MRP!$K$2:$K$221, MRP!$B$2:$B$221, $C124, MRP!$G$2:$G$221, I$1), SUMIFS(MRP!$L$2:$L$221, MRP!$B$2:$B$221, $C124, MRP!$G$2:$G$221, I$1) )*F124 -> 0 | J124: =SUM( SUMIFS(MRP!$H$2:$H$221, MRP!$B$2:$B$221, $C124, MRP!$G$2:$G$221, J$1), SUMIFS(MRP!$I$2:$I$221, MRP!$B$2:$B$221, $C124, MRP!$G$2:$G$221, J$1), SUMIFS(MRP!$J$2:$J$221, MRP!$B$2:$B$221, $C124, MRP!$G$2:$G$221, J$1), SUMIFS(MRP!$K$2:$K$221, MRP!$B$2:$B$221, $C124, MRP!$G$2:$G$221, J$1), SUMIFS(MRP!$L$2:$L$221, MRP!$B$2:$B$221, $C124, MRP!$G$2:$G$221, J$1) )*F124 -> 0 | K124: =SUM( SUMIFS(MRP!$H$2:$H$221, MRP!$B$2:$B$221, $C124, MRP!$G$2:$G$221, K$1), SUMIFS(MRP!$I$2:$I$221, MRP!$B$2:$B$221, $C124, MRP!$G$2:$G$221, K$1), SUMIFS(MRP!$J$2:$J$221, MRP!$B$2:$B$221, $C124, MRP!$G$2:$G$221, K$1), SUMIFS(MRP!$K$2:$K$221, MRP!$B$2:$B$221, $C124, MRP!$G$2:$G$221, K$1), SUMIFS(MRP!$L$2:$L$221, MRP!$B$2:$B$221, $C124, MRP!$G$2:$G$221, K$1) )*F124 -> 0 | L124: =TRIM(Tabla3[[#This Row],[CodInternoArti]]) -> 7790430132764
A125: =IF(ISNUMBER(_xlfn.XMATCH(Tabla3[[#This Row],[CodInternoArti]],'Tabla Articulos'!B:B)),"OK","NO ESTA") -> OK | B125: =IF(ISNUMBER(_xlfn.XMATCH('Calcular necesidad'!E:E,'Necesidad por familia'!A:A)),"OK","NO ESTA") -> OK | C125: 7790000000519 | D125: GL AGITAD MADE ECO 15CM X500 BIOPAC | E125: =_xlfn.XLOOKUP(C125,'Tabla Articulos'!B:B,'Tabla Articulos'!D:D) -> AGITADOR MADERA | F125: 500 | G125: =SUM( SUMIFS(MRP!$H$2:$H$221, MRP!$B$2:$B$221, $C125, MRP!$G$2:$G$221, G$1), SUMIFS(MRP!$I$2:$I$221, MRP!$B$2:$B$221, $C125, MRP!$G$2:$G$221, G$1), SUMIFS(MRP!$J$2:$J$221, MRP!$B$2:$B$221, $C125, MRP!$G$2:$G$221, G$1), SUMIFS(MRP!$K$2:$K$221, MRP!$B$2:$B$221, $C125, MRP!$G$2:$G$221, G$1), SUMIFS(MRP!$L$2:$L$221, MRP!$B$2:$B$221, $C125, MRP!$G$2:$G$221, G$1) )*F125 -> 0 | H125: =SUM( SUMIFS(MRP!$H$2:$H$221, MRP!$B$2:$B$221, $C125, MRP!$G$2:$G$221, H$1), SUMIFS(MRP!$I$2:$I$221, MRP!$B$2:$B$221, $C125, MRP!$G$2:$G$221, H$1), SUMIFS(MRP!$J$2:$J$221, MRP!$B$2:$B$221, $C125, MRP!$G$2:$G$221, H$1), SUMIFS(MRP!$K$2:$K$221, MRP!$B$2:$B$221, $C125, MRP!$G$2:$G$221, H$1), SUMIFS(MRP!$L$2:$L$221, MRP!$B$2:$B$221, $C125, MRP!$G$2:$G$221, H$1) )*F125 -> 8000 | I125: =SUM( SUMIFS(MRP!$H$2:$H$221, MRP!$B$2:$B$221, $C125, MRP!$G$2:$G$221, I$1), SUMIFS(MRP!$I$2:$I$221, MRP!$B$2:$B$221, $C125, MRP!$G$2:$G$221, I$1), SUMIFS(MRP!$J$2:$J$221, MRP!$B$2:$B$221, $C125, MRP!$G$2:$G$221, I$1), SUMIFS(MRP!$K$2:$K$221, MRP!$B$2:$B$221, $C125, MRP!$G$2:$G$221, I$1), SUMIFS(MRP!$L$2:$L$221, MRP!$B$2:$B$221, $C125, MRP!$G$2:$G$221, I$1) )*F125 -> 0 | J125: =SUM( SUMIFS(MRP!$H$2:$H$221, MRP!$B$2:$B$221, $C125, MRP!$G$2:$G$221, J$1), SUMIFS(MRP!$I$2:$I$221, MRP!$B$2:$B$221, $C125, MRP!$G$2:$G$221, J$1), SUMIFS(MRP!$J$2:$J$221, MRP!$B$2:$B$221, $C125, MRP!$G$2:$G$221, J$1), SUMIFS(MRP!$K$2:$K$221, MRP!$B$2:$B$221, $C125, MRP!$G$2:$G$221, J$1), SUMIFS(MRP!$L$2:$L$221, MRP!$B$2:$B$221, $C125, MRP!$G$2:$G$221, J$1) )*F125 -> 0 | K125: =SUM( SUMIFS(MRP!$H$2:$H$221, MRP!$B$2:$B$221, $C125, MRP!$G$2:$G$221, K$1), SUMIFS(MRP!$I$2:$I$221, MRP!$B$2:$B$221, $C125, MRP!$G$2:$G$221, K$1), SUMIFS(MRP!$J$2:$J$221, MRP!$B$2:$B$221, $C125, MRP!$G$2:$G$221, K$1), SUMIFS(MRP!$K$2:$K$221, MRP!$B$2:$B$221, $C125, MRP!$G$2:$G$221, K$1), SUMIFS(MRP!$L$2:$L$221, MRP!$B$2:$B$221, $C125, MRP!$G$2:$G$221, K$1) )*F125 -> 0 | L125: =TRIM(Tabla3[[#This Row],[CodInternoArti]]) -> 7790000000519
A126: =IF(ISNUMBER(_xlfn.XMATCH(Tabla3[[#This Row],[CodInternoArti]],'Tabla Articulos'!B:B)),"OK","NO ESTA") -> OK | B126: =IF(ISNUMBER(_xlfn.XMATCH('Calcular necesidad'!E:E,'Necesidad por familia'!A:A)),"OK","NO ESTA") -> OK | C126: 7790000002198 | D126: GL BOLSA CAMISETA 40X50 X60U | E126: =_xlfn.XLOOKUP(C126,'Tabla Articulos'!B:B,'Tabla Articulos'!D:D) -> CAMISETA BLANCA 40X50 | F126: 60 | G126: =SUM( SUMIFS(MRP!$H$2:$H$221, MRP!$B$2:$B$221, $C126, MRP!$G$2:$G$221, G$1), SUMIFS(MRP!$I$2:$I$221, MRP!$B$2:$B$221, $C126, MRP!$G$2:$G$221, G$1), SUMIFS(MRP!$J$2:$J$221, MRP!$B$2:$B$221, $C126, MRP!$G$2:$G$221, G$1), SUMIFS(MRP!$K$2:$K$221, MRP!$B$2:$B$221, $C126, MRP!$G$2:$G$221, G$1), SUMIFS(MRP!$L$2:$L$221, MRP!$B$2:$B$221, $C126, MRP!$G$2:$G$221, G$1) )*F126 -> 0 | H126: =SUM( SUMIFS(MRP!$H$2:$H$221, MRP!$B$2:$B$221, $C126, MRP!$G$2:$G$221, H$1), SUMIFS(MRP!$I$2:$I$221, MRP!$B$2:$B$221, $C126, MRP!$G$2:$G$221, H$1), SUMIFS(MRP!$J$2:$J$221, MRP!$B$2:$B$221, $C126, MRP!$G$2:$G$221, H$1), SUMIFS(MRP!$K$2:$K$221, MRP!$B$2:$B$221, $C126, MRP!$G$2:$G$221, H$1), SUMIFS(MRP!$L$2:$L$221, MRP!$B$2:$B$221, $C126, MRP!$G$2:$G$221, H$1) )*F126 -> 0 | I126: =SUM( SUMIFS(MRP!$H$2:$H$221, MRP!$B$2:$B$221, $C126, MRP!$G$2:$G$221, I$1), SUMIFS(MRP!$I$2:$I$221, MRP!$B$2:$B$221, $C126, MRP!$G$2:$G$221, I$1), SUMIFS(MRP!$J$2:$J$221, MRP!$B$2:$B$221, $C126, MRP!$G$2:$G$221, I$1), SUMIFS(MRP!$K$2:$K$221, MRP!$B$2:$B$221, $C126, MRP!$G$2:$G$221, I$1), SUMIFS(MRP!$L$2:$L$221, MRP!$B$2:$B$221, $C126, MRP!$G$2:$G$221, I$1) )*F126 -> 0 | J126: =SUM( SUMIFS(MRP!$H$2:$H$221, MRP!$B$2:$B$221, $C126, MRP!$G$2:$G$221, J$1), SUMIFS(MRP!$I$2:$I$221, MRP!$B$2:$B$221, $C126, MRP!$G$2:$G$221, J$1), SUMIFS(MRP!$J$2:$J$221, MRP!$B$2:$B$221, $C126, MRP!$G$2:$G$221, J$1), SUMIFS(MRP!$K$2:$K$221, MRP!$B$2:$B$221, $C126, MRP!$G$2:$G$221, J$1), SUMIFS(MRP!$L$2:$L$221, MRP!$B$2:$B$221, $C126, MRP!$G$2:$G$221, J$1) )*F126 -> 0 | K126: =SUM( SUMIFS(MRP!$H$2:$H$221, MRP!$B$2:$B$221, $C126, MRP!$G$2:$G$221, K$1), SUMIFS(MRP!$I$2:$I$221, MRP!$B$2:$B$221, $C126, MRP!$G$2:$G$221, K$1), SUMIFS(MRP!$J$2:$J$221, MRP!$B$2:$B$221, $C126, MRP!$G$2:$G$221, K$1), SUMIFS(MRP!$K$2:$K$221, MRP!$B$2:$B$221, $C126, MRP!$G$2:$G$221, K$1), SUMIFS(MRP!$L$2:$L$221, MRP!$B$2:$B$221, $C126, MRP!$G$2:$G$221, K$1) )*F126 -> 0 | L126: =TRIM(Tabla3[[#This Row],[CodInternoArti]]) -> 7790000002198
A127: =IF(ISNUMBER(_xlfn.XMATCH(Tabla3[[#This Row],[CodInternoArti]],'Tabla Articulos'!B:B)),"OK","NO ESTA") -> OK | B127: =IF(ISNUMBER(_xlfn.XMATCH('Calcular necesidad'!E:E,'Necesidad por familia'!A:A)),"OK","NO ESTA") -> OK | C127: 4968420508543 | D127: GUANTE NITRILO TM X100U NIPRO | E127: =_xlfn.XLOOKUP(C127,'Tabla Articulos'!B:B,'Tabla Articulos'!D:D) -> GUANTE NITRILO M | F127: 100 | G127: =SUM( SUMIFS(MRP!$H$2:$H$221, MRP!$B$2:$B$221, $C127, MRP!$G$2:$G$221, G$1), SUMIFS(MRP!$I$2:$I$221, MRP!$B$2:$B$221, $C127, MRP!$G$2:$G$221, G$1), SUMIFS(MRP!$J$2:$J$221, MRP!$B$2:$B$221, $C127, MRP!$G$2:$G$221, G$1), SUMIFS(MRP!$K$2:$K$221, MRP!$B$2:$B$221, $C127, MRP!$G$2:$G$221, G$1), SUMIFS(MRP!$L$2:$L$221, MRP!$B$2:$B$221, $C127, MRP!$G$2:$G$221, G$1) )*F127 -> 0 | H127: =SUM( SUMIFS(MRP!$H$2:$H$221, MRP!$B$2:$B$221, $C127, MRP!$G$2:$G$221, H$1), SUMIFS(MRP!$I$2:$I$221, MRP!$B$2:$B$221, $C127, MRP!$G$2:$G$221, H$1), SUMIFS(MRP!$J$2:$J$221, MRP!$B$2:$B$221, $C127, MRP!$G$2:$G$221, H$1), SUMIFS(MRP!$K$2:$K$221, MRP!$B$2:$B$221, $C127, MRP!$G$2:$G$221, H$1), SUMIFS(MRP!$L$2:$L$221, MRP!$B$2:$B$221, $C127, MRP!$G$2:$G$221, H$1) )*F127 -> 0 | I127: =SUM( SUMIFS(MRP!$H$2:$H$221, MRP!$B$2:$B$221, $C127, MRP!$G$2:$G$221, I$1), SUMIFS(MRP!$I$2:$I$221, MRP!$B$2:$B$221, $C127, MRP!$G$2:$G$221, I$1), SUMIFS(MRP!$J$2:$J$221, MRP!$B$2:$B$221, $C127, MRP!$G$2:$G$221, I$1), SUMIFS(MRP!$K$2:$K$221, MRP!$B$2:$B$221, $C127, MRP!$G$2:$G$221, I$1), SUMIFS(MRP!$L$2:$L$221, MRP!$B$2:$B$221, $C127, MRP!$G$2:$G$221, I$1) )*F127 -> 0 | J127: =SUM( SUMIFS(MRP!$H$2:$H$221, MRP!$B$2:$B$221, $C127, MRP!$G$2:$G$221, J$1), SUMIFS(MRP!$I$2:$I$221, MRP!$B$2:$B$221, $C127, MRP!$G$2:$G$221, J$1), SUMIFS(MRP!$J$2:$J$221, MRP!$B$2:$B$221, $C127, MRP!$G$2:$G$221, J$1), SUMIFS(MRP!$K$2:$K$221, MRP!$B$2:$B$221, $C127, MRP!$G$2:$G$221, J$1), SUMIFS(MRP!$L$2:$L$221, MRP!$B$2:$B$221, $C127, MRP!$G$2:$G$221, J$1) )*F127 -> 0 | K127: =SUM( SUMIFS(MRP!$H$2:$H$221, MRP!$B$2:$B$221, $C127, MRP!$G$2:$G$221, K$1), SUMIFS(MRP!$I$2:$I$221, MRP!$B$2:$B$221, $C127, MRP!$G$2:$G$221, K$1), SUMIFS(MRP!$J$2:$J$221, MRP!$B$2:$B$221, $C127, MRP!$G$2:$G$221, K$1), SUMIFS(MRP!$K$2:$K$221, MRP!$B$2:$B$221, $C127, MRP!$G$2:$G$221, K$1), SUMIFS(MRP!$L$2:$L$221, MRP!$B$2:$B$221, $C127, MRP!$G$2:$G$221, K$1) )*F127 -> 0 | L127: =TRIM(Tabla3[[#This Row],[CodInternoArti]]) -> 4968420508543
A128: =IF(ISNUMBER(_xlfn.XMATCH(Tabla3[[#This Row],[CodInternoArti]],'Tabla Articulos'!B:B)),"OK","NO ESTA") -> OK | B128: =IF(ISNUMBER(_xlfn.XMATCH('Calcular necesidad'!E:E,'Necesidad por familia'!A:A)),"OK","NO ESTA") -> OK | C128: PS0241 | D128: SERVILLETA BAR X 10000U BARMAN | E128: =_xlfn.XLOOKUP(C128,'Tabla Articulos'!B:B,'Tabla Articulos'!D:D) -> SERVILLETA BAR | F128: 10000 | G128: =SUM( SUMIFS(MRP!$H$2:$H$221, MRP!$B$2:$B$221, $C128, MRP!$G$2:$G$221, G$1), SUMIFS(MRP!$I$2:$I$221, MRP!$B$2:$B$221, $C128, MRP!$G$2:$G$221, G$1), SUMIFS(MRP!$J$2:$J$221, MRP!$B$2:$B$221, $C128, MRP!$G$2:$G$221, G$1), SUMIFS(MRP!$K$2:$K$221, MRP!$B$2:$B$221, $C128, MRP!$G$2:$G$221, G$1), SUMIFS(MRP!$L$2:$L$221, MRP!$B$2:$B$221, $C128, MRP!$G$2:$G$221, G$1) )*F128 -> 0 | H128: =SUM( SUMIFS(MRP!$H$2:$H$221, MRP!$B$2:$B$221, $C128, MRP!$G$2:$G$221, H$1), SUMIFS(MRP!$I$2:$I$221, MRP!$B$2:$B$221, $C128, MRP!$G$2:$G$221, H$1), SUMIFS(MRP!$J$2:$J$221, MRP!$B$2:$B$221, $C128, MRP!$G$2:$G$221, H$1), SUMIFS(MRP!$K$2:$K$221, MRP!$B$2:$B$221, $C128, MRP!$G$2:$G$221, H$1), SUMIFS(MRP!$L$2:$L$221, MRP!$B$2:$B$221, $C128, MRP!$G$2:$G$221, H$1) )*F128 -> 50000 | I128: =SUM( SUMIFS(MRP!$H$2:$H$221, MRP!$B$2:$B$221, $C128, MRP!$G$2:$G$221, I$1), SUMIFS(MRP!$I$2:$I$221, MRP!$B$2:$B$221, $C128, MRP!$G$2:$G$221, I$1), SUMIFS(MRP!$J$2:$J$221, MRP!$B$2:$B$221, $C128, MRP!$G$2:$G$221, I$1), SUMIFS(MRP!$K$2:$K$221, MRP!$B$2:$B$221, $C128, MRP!$G$2:$G$221, I$1), SUMIFS(MRP!$L$2:$L$221, MRP!$B$2:$B$221, $C128, MRP!$G$2:$G$221, I$1) )*F128 -> 0 | J128: =SUM( SUMIFS(MRP!$H$2:$H$221, MRP!$B$2:$B$221, $C128, MRP!$G$2:$G$221, J$1), SUMIFS(MRP!$I$2:$I$221, MRP!$B$2:$B$221, $C128, MRP!$G$2:$G$221, J$1), SUMIFS(MRP!$J$2:$J$221, MRP!$B$2:$B$221, $C128, MRP!$G$2:$G$221, J$1), SUMIFS(MRP!$K$2:$K$221, MRP!$B$2:$B$221, $C128, MRP!$G$2:$G$221, J$1), SUMIFS(MRP!$L$2:$L$221, MRP!$B$2:$B$221, $C128, MRP!$G$2:$G$221, J$1) )*F128 -> 0 | K128: =SUM( SUMIFS(MRP!$H$2:$H$221, MRP!$B$2:$B$221, $C128, MRP!$G$2:$G$221, K$1), SUMIFS(MRP!$I$2:$I$221, MRP!$B$2:$B$221, $C128, MRP!$G$2:$G$221, K$1), SUMIFS(MRP!$J$2:$J$221, MRP!$B$2:$B$221, $C128, MRP!$G$2:$G$221, K$1), SUMIFS(MRP!$K$2:$K$221, MRP!$B$2:$B$221, $C128, MRP!$G$2:$G$221, K$1), SUMIFS(MRP!$L$2:$L$221, MRP!$B$2:$B$221, $C128, MRP!$G$2:$G$221, K$1) )*F128 -> 0 | L128: =TRIM(Tabla3[[#This Row],[CodInternoArti]]) -> PS0241
A129: =IF(ISNUMBER(_xlfn.XMATCH(Tabla3[[#This Row],[CodInternoArti]],'Tabla Articulos'!B:B)),"OK","NO ESTA") -> OK | B129: =IF(ISNUMBER(_xlfn.XMATCH('Calcular necesidad'!E:E,'Necesidad por familia'!A:A)),"OK","NO ESTA") -> OK | C129: 7798161675702 | D129: GL_GUANTE LATEX L X100UN EUROMIX | E129: =_xlfn.XLOOKUP(C129,'Tabla Articulos'!B:B,'Tabla Articulos'!D:D) -> GUANTE LATEX L | F129: 100 | G129: =SUM( SUMIFS(MRP!$H$2:$H$221, MRP!$B$2:$B$221, $C129, MRP!$G$2:$G$221, G$1), SUMIFS(MRP!$I$2:$I$221, MRP!$B$2:$B$221, $C129, MRP!$G$2:$G$221, G$1), SUMIFS(MRP!$J$2:$J$221, MRP!$B$2:$B$221, $C129, MRP!$G$2:$G$221, G$1), SUMIFS(MRP!$K$2:$K$221, MRP!$B$2:$B$221, $C129, MRP!$G$2:$G$221, G$1), SUMIFS(MRP!$L$2:$L$221, MRP!$B$2:$B$221, $C129, MRP!$G$2:$G$221, G$1) )*F129 -> 0 | H129: =SUM( SUMIFS(MRP!$H$2:$H$221, MRP!$B$2:$B$221, $C129, MRP!$G$2:$G$221, H$1), SUMIFS(MRP!$I$2:$I$221, MRP!$B$2:$B$221, $C129, MRP!$G$2:$G$221, H$1), SUMIFS(MRP!$J$2:$J$221, MRP!$B$2:$B$221, $C129, MRP!$G$2:$G$221, H$1), SUMIFS(MRP!$K$2:$K$221, MRP!$B$2:$B$221, $C129, MRP!$G$2:$G$221, H$1), SUMIFS(MRP!$L$2:$L$221, MRP!$B$2:$B$221, $C129, MRP!$G$2:$G$221, H$1) )*F129 -> 34200 | I129: =SUM( SUMIFS(MRP!$H$2:$H$221, MRP!$B$2:$B$221, $C129, MRP!$G$2:$G$221, I$1), SUMIFS(MRP!$I$2:$I$221, MRP!$B$2:$B$221, $C129, MRP!$G$2:$G$221, I$1), SUMIFS(MRP!$J$2:$J$221, MRP!$B$2:$B$221, $C129, MRP!$G$2:$G$221, I$1), SUMIFS(MRP!$K$2:$K$221, MRP!$B$2:$B$221, $C129, MRP!$G$2:$G$221, I$1), SUMIFS(MRP!$L$2:$L$221, MRP!$B$2:$B$221, $C129, MRP!$G$2:$G$221, I$1) )*F129 -> 0 | J129: =SUM( SUMIFS(MRP!$H$2:$H$221, MRP!$B$2:$B$221, $C129, MRP!$G$2:$G$221, J$1), SUMIFS(MRP!$I$2:$I$221, MRP!$B$2:$B$221, $C129, MRP!$G$2:$G$221, J$1), SUMIFS(MRP!$J$2:$J$221, MRP!$B$2:$B$221, $C129, MRP!$G$2:$G$221, J$1), SUMIFS(MRP!$K$2:$K$221, MRP!$B$2:$B$221, $C129, MRP!$G$2:$G$221, J$1), SUMIFS(MRP!$L$2:$L$221, MRP!$B$2:$B$221, $C129, MRP!$G$2:$G$221, J$1) )*F129 -> 0 | K129: =SUM( SUMIFS(MRP!$H$2:$H$221, MRP!$B$2:$B$221, $C129, MRP!$G$2:$G$221, K$1), SUMIFS(MRP!$I$2:$I$221, MRP!$B$2:$B$221, $C129, MRP!$G$2:$G$221, K$1), SUMIFS(MRP!$J$2:$J$221, MRP!$B$2:$B$221, $C129, MRP!$G$2:$G$221, K$1), SUMIFS(MRP!$K$2:$K$221, MRP!$B$2:$B$221, $C129, MRP!$G$2:$G$221, K$1), SUMIFS(MRP!$L$2:$L$221, MRP!$B$2:$B$221, $C129, MRP!$G$2:$G$221, K$1) )*F129 -> 0 | L129: =TRIM(Tabla3[[#This Row],[CodInternoArti]]) -> 7798161675702
A130: =IF(ISNUMBER(_xlfn.XMATCH(Tabla3[[#This Row],[CodInternoArti]],'Tabla Articulos'!B:B)),"OK","NO ESTA") -> OK | B130: =IF(ISNUMBER(_xlfn.XMATCH('Calcular necesidad'!E:E,'Necesidad por familia'!A:A)),"OK","NO ESTA") -> OK | C130: 7791101002132 | D130: VO FOLEX 20CMX25CM XKG MPROPIA | E130: =_xlfn.XLOOKUP(C130,'Tabla Articulos'!B:B,'Tabla Articulos'!D:D) -> FOLEX | F130: 1 | G130: =SUM( SUMIFS(MRP!$H$2:$H$221, MRP!$B$2:$B$221, $C130, MRP!$G$2:$G$221, G$1), SUMIFS(MRP!$I$2:$I$221, MRP!$B$2:$B$221, $C130, MRP!$G$2:$G$221, G$1), SUMIFS(MRP!$J$2:$J$221, MRP!$B$2:$B$221, $C130, MRP!$G$2:$G$221, G$1), SUMIFS(MRP!$K$2:$K$221, MRP!$B$2:$B$221, $C130, MRP!$G$2:$G$221, G$1), SUMIFS(MRP!$L$2:$L$221, MRP!$B$2:$B$221, $C130, MRP!$G$2:$G$221, G$1) )*F130 -> 0 | H130: =SUM( SUMIFS(MRP!$H$2:$H$221, MRP!$B$2:$B$221, $C130, MRP!$G$2:$G$221, H$1), SUMIFS(MRP!$I$2:$I$221, MRP!$B$2:$B$221, $C130, MRP!$G$2:$G$221, H$1), SUMIFS(MRP!$J$2:$J$221, MRP!$B$2:$B$221, $C130, MRP!$G$2:$G$221, H$1), SUMIFS(MRP!$K$2:$K$221, MRP!$B$2:$B$221, $C130, MRP!$G$2:$G$221, H$1), SUMIFS(MRP!$L$2:$L$221, MRP!$B$2:$B$221, $C130, MRP!$G$2:$G$221, H$1) )*F130 -> 0 | I130: =SUM( SUMIFS(MRP!$H$2:$H$221, MRP!$B$2:$B$221, $C130, MRP!$G$2:$G$221, I$1), SUMIFS(MRP!$I$2:$I$221, MRP!$B$2:$B$221, $C130, MRP!$G$2:$G$221, I$1), SUMIFS(MRP!$J$2:$J$221, MRP!$B$2:$B$221, $C130, MRP!$G$2:$G$221, I$1), SUMIFS(MRP!$K$2:$K$221, MRP!$B$2:$B$221, $C130, MRP!$G$2:$G$221, I$1), SUMIFS(MRP!$L$2:$L$221, MRP!$B$2:$B$221, $C130, MRP!$G$2:$G$221, I$1) )*F130 -> 0 | J130: =SUM( SUMIFS(MRP!$H$2:$H$221, MRP!$B$2:$B$221, $C130, MRP!$G$2:$G$221, J$1), SUMIFS(MRP!$I$2:$I$221, MRP!$B$2:$B$221, $C130, MRP!$G$2:$G$221, J$1), SUMIFS(MRP!$J$2:$J$221, MRP!$B$2:$B$221, $C130, MRP!$G$2:$G$221, J$1), SUMIFS(MRP!$K$2:$K$221, MRP!$B$2:$B$221, $C130, MRP!$G$2:$G$221, J$1), SUMIFS(MRP!$L$2:$L$221, MRP!$B$2:$B$221, $C130, MRP!$G$2:$G$221, J$1) )*F130 -> 0 | K130: =SUM( SUMIFS(MRP!$H$2:$H$221, MRP!$B$2:$B$221, $C130, MRP!$G$2:$G$221, K$1), SUMIFS(MRP!$I$2:$I$221, MRP!$B$2:$B$221, $C130, MRP!$G$2:$G$221, K$1), SUMIFS(MRP!$J$2:$J$221, MRP!$B$2:$B$221, $C130, MRP!$G$2:$G$221, K$1), SUMIFS(MRP!$K$2:$K$221, MRP!$B$2:$B$221, $C130, MRP!$G$2:$G$221, K$1), SUMIFS(MRP!$L$2:$L$221, MRP!$B$2:$B$221, $C130, MRP!$G$2:$G$221, K$1) )*F130 -> 0 | L130: =TRIM(Tabla3[[#This Row],[CodInternoArti]]) -> 7791101002132
A131: =IF(ISNUMBER(_xlfn.XMATCH(Tabla3[[#This Row],[CodInternoArti]],'Tabla Articulos'!B:B)),"OK","NO ESTA") -> OK | B131: =IF(ISNUMBER(_xlfn.XMATCH('Calcular necesidad'!E:E,'Necesidad por familia'!A:A)),"OK","NO ESTA") -> OK | C131: 7790013877011 | D131: ESCARBADIENTES ENSOBRADOS X500 | E131: =_xlfn.XLOOKUP(C131,'Tabla Articulos'!B:B,'Tabla Articulos'!D:D) -> ESCARBADIENTE | F131: 500 | G131: =SUM( SUMIFS(MRP!$H$2:$H$221, MRP!$B$2:$B$221, $C131, MRP!$G$2:$G$221, G$1), SUMIFS(MRP!$I$2:$I$221, MRP!$B$2:$B$221, $C131, MRP!$G$2:$G$221, G$1), SUMIFS(MRP!$J$2:$J$221, MRP!$B$2:$B$221, $C131, MRP!$G$2:$G$221, G$1), SUMIFS(MRP!$K$2:$K$221, MRP!$B$2:$B$221, $C131, MRP!$G$2:$G$221, G$1), SUMIFS(MRP!$L$2:$L$221, MRP!$B$2:$B$221, $C131, MRP!$G$2:$G$221, G$1) )*F131 -> 0 | H131: =SUM( SUMIFS(MRP!$H$2:$H$221, MRP!$B$2:$B$221, $C131, MRP!$G$2:$G$221, H$1), SUMIFS(MRP!$I$2:$I$221, MRP!$B$2:$B$221, $C131, MRP!$G$2:$G$221, H$1), SUMIFS(MRP!$J$2:$J$221, MRP!$B$2:$B$221, $C131, MRP!$G$2:$G$221, H$1), SUMIFS(MRP!$K$2:$K$221, MRP!$B$2:$B$221, $C131, MRP!$G$2:$G$221, H$1), SUMIFS(MRP!$L$2:$L$221, MRP!$B$2:$B$221, $C131, MRP!$G$2:$G$221, H$1) )*F131 -> 40500 | I131: =SUM( SUMIFS(MRP!$H$2:$H$221, MRP!$B$2:$B$221, $C131, MRP!$G$2:$G$221, I$1), SUMIFS(MRP!$I$2:$I$221, MRP!$B$2:$B$221, $C131, MRP!$G$2:$G$221, I$1), SUMIFS(MRP!$J$2:$J$221, MRP!$B$2:$B$221, $C131, MRP!$G$2:$G$221, I$1), SUMIFS(MRP!$K$2:$K$221, MRP!$B$2:$B$221, $C131, MRP!$G$2:$G$221, I$1), SUMIFS(MRP!$L$2:$L$221, MRP!$B$2:$B$221, $C131, MRP!$G$2:$G$221, I$1) )*F131 -> 0 | J131: =SUM( SUMIFS(MRP!$H$2:$H$221, MRP!$B$2:$B$221, $C131, MRP!$G$2:$G$221, J$1), SUMIFS(MRP!$I$2:$I$221, MRP!$B$2:$B$221, $C131, MRP!$G$2:$G$221, J$1), SUMIFS(MRP!$J$2:$J$221, MRP!$B$2:$B$221, $C131, MRP!$G$2:$G$221, J$1), SUMIFS(MRP!$K$2:$K$221, MRP!$B$2:$B$221, $C131, MRP!$G$2:$G$221, J$1), SUMIFS(MRP!$L$2:$L$221, MRP!$B$2:$B$221, $C131, MRP!$G$2:$G$221, J$1) )*F131 -> 0 | K131: =SUM( SUMIFS(MRP!$H$2:$H$221, MRP!$B$2:$B$221, $C131, MRP!$G$2:$G$221, K$1), SUMIFS(MRP!$I$2:$I$221, MRP!$B$2:$B$221, $C131, MRP!$G$2:$G$221, K$1), SUMIFS(MRP!$J$2:$J$221, MRP!$B$2:$B$221, $C131, MRP!$G$2:$G$221, K$1), SUMIFS(MRP!$K$2:$K$221, MRP!$B$2:$B$221, $C131, MRP!$G$2:$G$221, K$1), SUMIFS(MRP!$L$2:$L$221, MRP!$B$2:$B$221, $C131, MRP!$G$2:$G$221, K$1) )*F131 -> 0 | L131: =TRIM(Tabla3[[#This Row],[CodInternoArti]]) -> 7790013877011
... A146: =IF(ISNUMBER(_xlfn.XMATCH(Tabla3[[#This Row],[CodInternoArti]],'Tabla Articulos'!B:B)),"OK","NO ESTA") -> OK | B146: =IF(ISNUMBER(_xlfn.XMATCH('Calcular necesidad'!E:E,'Necesidad por familia'!A:A)),"OK","NO ESTA") -> OK | C146: 7790000000480 | D146: GL_ROLLO BOLSA ARRANQ 40X60 MPROP | E146: =_xlfn.XLOOKUP(C146,'Tabla Articulos'!B:B,'Tabla Articulos'!D:D) -> ARRANQUE 40X60 | F146: 1 | G146: =SUM( SUMIFS(MRP!$H$2:$H$221, MRP!$B$2:$B$221, $C146, MRP!$G$2:$G$221, G$1), SUMIFS(MRP!$I$2:$I$221, MRP!$B$2:$B$221, $C146, MRP!$G$2:$G$221, G$1), SUMIFS(MRP!$J$2:$J$221, MRP!$B$2:$B$221, $C146, MRP!$G$2:$G$221, G$1), SUMIFS(MRP!$K$2:$K$221, MRP!$B$2:$B$221, $C146, MRP!$G$2:$G$221, G$1), SUMIFS(MRP!$L$2:$L$221, MRP!$B$2:$B$221, $C146, MRP!$G$2:$G$221, G$1) )*F146 -> 0 | H146: =SUM( SUMIFS(MRP!$H$2:$H$221, MRP!$B$2:$B$221, $C146, MRP!$G$2:$G$221, H$1), SUMIFS(MRP!$I$2:$I$221, MRP!$B$2:$B$221, $C146, MRP!$G$2:$G$221, H$1), SUMIFS(MRP!$J$2:$J$221, MRP!$B$2:$B$221, $C146, MRP!$G$2:$G$221, H$1), SUMIFS(MRP!$K$2:$K$221, MRP!$B$2:$B$221, $C146, MRP!$G$2:$G$221, H$1), SUMIFS(MRP!$L$2:$L$221, MRP!$B$2:$B$221, $C146, MRP!$G$2:$G$221, H$1) )*F146 -> 6 | I146: =SUM( SUMIFS(MRP!$H$2:$H$221, MRP!$B$2:$B$221, $C146, MRP!$G$2:$G$221, I$1), SUMIFS(MRP!$I$2:$I$221, MRP!$B$2:$B$221, $C146, MRP!$G$2:$G$221, I$1), SUMIFS(MRP!$J$2:$J$221, MRP!$B$2:$B$221, $C146, MRP!$G$2:$G$221, I$1), SUMIFS(MRP!$K$2:$K$221, MRP!$B$2:$B$221, $C146, MRP!$G$2:$G$221, I$1), SUMIFS(MRP!$L$2:$L$221, MRP!$B$2:$B$221, $C146, MRP!$G$2:$G$221, I$1) )*F146 -> 0 | J146: =SUM( SUMIFS(MRP!$H$2:$H$221, MRP!$B$2:$B$221, $C146, MRP!$G$2:$G$221, J$1), SUMIFS(MRP!$I$2:$I$221, MRP!$B$2:$B$221, $C146, MRP!$G$2:$G$221, J$1), SUMIFS(MRP!$J$2:$J$221, MRP!$B$2:$B$221, $C146, MRP!$G$2:$G$221, J$1), SUMIFS(MRP!$K$2:$K$221, MRP!$B$2:$B$221, $C146, MRP!$G$2:$G$221, J$1), SUMIFS(MRP!$L$2:$L$221, MRP!$B$2:$B$221, $C146, MRP!$G$2:$G$221, J$1) )*F146 -> 0 | K146: =SUM( SUMIFS(MRP!$H$2:$H$221, MRP!$B$2:$B$221, $C146, MRP!$G$2:$G$221, K$1), SUMIFS(MRP!$I$2:$I$221, MRP!$B$2:$B$221, $C146, MRP!$G$2:$G$221, K$1), SUMIFS(MRP!$J$2:$J$221, MRP!$B$2:$B$221, $C146, MRP!$G$2:$G$221, K$1), SUMIFS(MRP!$K$2:$K$221, MRP!$B$2:$B$221, $C146, MRP!$G$2:$G$221, K$1), SUMIFS(MRP!$L$2:$L$221, MRP!$B$2:$B$221, $C146, MRP!$G$2:$G$221, K$1) )*F146 -> 0 | L146: =TRIM(Tabla3[[#This Row],[CodInternoArti]]) -> 7790000000480
A147: =IF(ISNUMBER(_xlfn.XMATCH(Tabla3[[#This Row],[CodInternoArti]],'Tabla Articulos'!B:B)),"OK","NO ESTA") -> OK | B147: =IF(ISNUMBER(_xlfn.XMATCH('Calcular necesidad'!E:E,'Necesidad por familia'!A:A)),"OK","NO ESTA") -> OK | C147: 7790013877012 | D147: SERVILLETA BCA 18X18X1000U BLUE | E147: =_xlfn.XLOOKUP(C147,'Tabla Articulos'!B:B,'Tabla Articulos'!D:D) -> SERVILLETA 18x18 BLUE | F147: =_xlfn.XLOOKUP(C147,'Tabla Articulos'!B:B,'Tabla Articulos'!E:E) -> 1000 | G147: =SUM( SUMIFS(MRP!$H$2:$H$221, MRP!$B$2:$B$221, $C147, MRP!$G$2:$G$221, G$1), SUMIFS(MRP!$I$2:$I$221, MRP!$B$2:$B$221, $C147, MRP!$G$2:$G$221, G$1), SUMIFS(MRP!$J$2:$J$221, MRP!$B$2:$B$221, $C147, MRP!$G$2:$G$221, G$1), SUMIFS(MRP!$K$2:$K$221, MRP!$B$2:$B$221, $C147, MRP!$G$2:$G$221, G$1), SUMIFS(MRP!$L$2:$L$221, MRP!$B$2:$B$221, $C147, MRP!$G$2:$G$221, G$1) )*F147 -> 0 | H147: =SUM( SUMIFS(MRP!$H$2:$H$221, MRP!$B$2:$B$221, $C147, MRP!$G$2:$G$221, H$1), SUMIFS(MRP!$I$2:$I$221, MRP!$B$2:$B$221, $C147, MRP!$G$2:$G$221, H$1), SUMIFS(MRP!$J$2:$J$221, MRP!$B$2:$B$221, $C147, MRP!$G$2:$G$221, H$1), SUMIFS(MRP!$K$2:$K$221, MRP!$B$2:$B$221, $C147, MRP!$G$2:$G$221, H$1), SUMIFS(MRP!$L$2:$L$221, MRP!$B$2:$B$221, $C147, MRP!$G$2:$G$221, H$1) )*F147 -> 1000 | I147: =SUM( SUMIFS(MRP!$H$2:$H$221, MRP!$B$2:$B$221, $C147, MRP!$G$2:$G$221, I$1), SUMIFS(MRP!$I$2:$I$221, MRP!$B$2:$B$221, $C147, MRP!$G$2:$G$221, I$1), SUMIFS(MRP!$J$2:$J$221, MRP!$B$2:$B$221, $C147, MRP!$G$2:$G$221, I$1), SUMIFS(MRP!$K$2:$K$221, MRP!$B$2:$B$221, $C147, MRP!$G$2:$G$221, I$1), SUMIFS(MRP!$L$2:$L$221, MRP!$B$2:$B$221, $C147, MRP!$G$2:$G$221, I$1) )*F147 -> 0 | J147: =SUM( SUMIFS(MRP!$H$2:$H$221, MRP!$B$2:$B$221, $C147, MRP!$G$2:$G$221, J$1), SUMIFS(MRP!$I$2:$I$221, MRP!$B$2:$B$221, $C147, MRP!$G$2:$G$221, J$1), SUMIFS(MRP!$J$2:$J$221, MRP!$B$2:$B$221, $C147, MRP!$G$2:$G$221, J$1), SUMIFS(MRP!$K$2:$K$221, MRP!$B$2:$B$221, $C147, MRP!$G$2:$G$221, J$1), SUMIFS(MRP!$L$2:$L$221, MRP!$B$2:$B$221, $C147, MRP!$G$2:$G$221, J$1) )*F147 -> 0 | K147: =SUM( SUMIFS(MRP!$H$2:$H$221, MRP!$B$2:$B$221, $C147, MRP!$G$2:$G$221, K$1), SUMIFS(MRP!$I$2:$I$221, MRP!$B$2:$B$221, $C147, MRP!$G$2:$G$221, K$1), SUMIFS(MRP!$J$2:$J$221, MRP!$B$2:$B$221, $C147, MRP!$G$2:$G$221, K$1), SUMIFS(MRP!$K$2:$K$221, MRP!$B$2:$B$221, $C147, MRP!$G$2:$G$221, K$1), SUMIFS(MRP!$L$2:$L$221, MRP!$B$2:$B$221, $C147, MRP!$G$2:$G$221, K$1) )*F147 -> 0 | L147: =TRIM(Tabla3[[#This Row],[CodInternoArti]]) -> 7790013877012
A148: =IF(ISNUMBER(_xlfn.XMATCH(Tabla3[[#This Row],[CodInternoArti]],'Tabla Articulos'!B:B)),"OK","NO ESTA") -> OK | B148: =IF(ISNUMBER(_xlfn.XMATCH('Calcular necesidad'!E:E,'Necesidad por familia'!A:A)),"OK","NO ESTA") -> OK | C148: 7792798664287 | D148: BANDEJA 105 X200U COTNYL | E148: =_xlfn.XLOOKUP(C148,'Tabla Articulos'!B:B,'Tabla Articulos'!D:D) -> BANDEJA 105 | F148: 200 | G148: =SUM( SUMIFS(MRP!$H$2:$H$221, MRP!$B$2:$B$221, $C148, MRP!$G$2:$G$221, G$1), SUMIFS(MRP!$I$2:$I$221, MRP!$B$2:$B$221, $C148, MRP!$G$2:$G$221, G$1), SUMIFS(MRP!$J$2:$J$221, MRP!$B$2:$B$221, $C148, MRP!$G$2:$G$221, G$1), SUMIFS(MRP!$K$2:$K$221, MRP!$B$2:$B$221, $C148, MRP!$G$2:$G$221, G$1), SUMIFS(MRP!$L$2:$L$221, MRP!$B$2:$B$221, $C148, MRP!$G$2:$G$221, G$1) )*F148 -> 0 | H148: =SUM( SUMIFS(MRP!$H$2:$H$221, MRP!$B$2:$B$221, $C148, MRP!$G$2:$G$221, H$1), SUMIFS(MRP!$I$2:$I$221, MRP!$B$2:$B$221, $C148, MRP!$G$2:$G$221, H$1), SUMIFS(MRP!$J$2:$J$221, MRP!$B$2:$B$221, $C148, MRP!$G$2:$G$221, H$1), SUMIFS(MRP!$K$2:$K$221, MRP!$B$2:$B$221, $C148, MRP!$G$2:$G$221, H$1), SUMIFS(MRP!$L$2:$L$221, MRP!$B$2:$B$221, $C148, MRP!$G$2:$G$221, H$1) )*F148 -> 2000 | I148: =SUM( SUMIFS(MRP!$H$2:$H$221, MRP!$B$2:$B$221, $C148, MRP!$G$2:$G$221, I$1), SUMIFS(MRP!$I$2:$I$221, MRP!$B$2:$B$221, $C148, MRP!$G$2:$G$221, I$1), SUMIFS(MRP!$J$2:$J$221, MRP!$B$2:$B$221, $C148, MRP!$G$2:$G$221, I$1), SUMIFS(MRP!$K$2:$K$221, MRP!$B$2:$B$221, $C148, MRP!$G$2:$G$221, I$1), SUMIFS(MRP!$L$2:$L$221, MRP!$B$2:$B$221, $C148, MRP!$G$2:$G$221, I$1) )*F148 -> 0 | J148: =SUM( SUMIFS(MRP!$H$2:$H$221, MRP!$B$2:$B$221, $C148, MRP!$G$2:$G$221, J$1), SUMIFS(MRP!$I$2:$I$221, MRP!$B$2:$B$221, $C148, MRP!$G$2:$G$221, J$1), SUMIFS(MRP!$J$2:$J$221, MRP!$B$2:$B$221, $C148, MRP!$G$2:$G$221, J$1), SUMIFS(MRP!$K$2:$K$221, MRP!$B$2:$B$221, $C148, MRP!$G$2:$G$221, J$1), SUMIFS(MRP!$L$2:$L$221, MRP!$B$2:$B$221, $C148, MRP!$G$2:$G$221, J$1) )*F148 -> 0 | K148: =SUM( SUMIFS(MRP!$H$2:$H$221, MRP!$B$2:$B$221, $C148, MRP!$G$2:$G$221, K$1), SUMIFS(MRP!$I$2:$I$221, MRP!$B$2:$B$221, $C148, MRP!$G$2:$G$221, K$1), SUMIFS(MRP!$J$2:$J$221, MRP!$B$2:$B$221, $C148, MRP!$G$2:$G$221, K$1), SUMIFS(MRP!$K$2:$K$221, MRP!$B$2:$B$221, $C148, MRP!$G$2:$G$221, K$1), SUMIFS(MRP!$L$2:$L$221, MRP!$B$2:$B$221, $C148, MRP!$G$2:$G$221, K$1) )*F148 -> 0 | L148: =TRIM(Tabla3[[#This Row],[CodInternoArti]]) -> 7792798664287
A149: =IF(ISNUMBER(_xlfn.XMATCH(Tabla3[[#This Row],[CodInternoArti]],'Tabla Articulos'!B:B)),"OK","NO ESTA") -> OK | B149: =IF(ISNUMBER(_xlfn.XMATCH('Calcular necesidad'!E:E,'Necesidad por familia'!A:A)),"OK","NO ESTA") -> OK | C149: 7790991126352 | D149: BANDEJA 101 X200U COTNYL | E149: =_xlfn.XLOOKUP(C149,'Tabla Articulos'!B:B,'Tabla Articulos'!D:D) -> BANDEJA 101 | F149: 200 | G149: =SUM( SUMIFS(MRP!$H$2:$H$221, MRP!$B$2:$B$221, $C149, MRP!$G$2:$G$221, G$1), SUMIFS(MRP!$I$2:$I$221, MRP!$B$2:$B$221, $C149, MRP!$G$2:$G$221, G$1), SUMIFS(MRP!$J$2:$J$221, MRP!$B$2:$B$221, $C149, MRP!$G$2:$G$221, G$1), SUMIFS(MRP!$K$2:$K$221, MRP!$B$2:$B$221, $C149, MRP!$G$2:$G$221, G$1), SUMIFS(MRP!$L$2:$L$221, MRP!$B$2:$B$221, $C149, MRP!$G$2:$G$221, G$1) )*F149 -> 0 | H149: =SUM( SUMIFS(MRP!$H$2:$H$221, MRP!$B$2:$B$221, $C149, MRP!$G$2:$G$221, H$1), SUMIFS(MRP!$I$2:$I$221, MRP!$B$2:$B$221, $C149, MRP!$G$2:$G$221, H$1), SUMIFS(MRP!$J$2:$J$221, MRP!$B$2:$B$221, $C149, MRP!$G$2:$G$221, H$1), SUMIFS(MRP!$K$2:$K$221, MRP!$B$2:$B$221, $C149, MRP!$G$2:$G$221, H$1), SUMIFS(MRP!$L$2:$L$221, MRP!$B$2:$B$221, $C149, MRP!$G$2:$G$221, H$1) )*F149 -> 83600 | I149: =SUM( SUMIFS(MRP!$H$2:$H$221, MRP!$B$2:$B$221, $C149, MRP!$G$2:$G$221, I$1), SUMIFS(MRP!$I$2:$I$221, MRP!$B$2:$B$221, $C149, MRP!$G$2:$G$221, I$1), SUMIFS(MRP!$J$2:$J$221, MRP!$B$2:$B$221, $C149, MRP!$G$2:$G$221, I$1), SUMIFS(MRP!$K$2:$K$221, MRP!$B$2:$B$221, $C149, MRP!$G$2:$G$221, I$1), SUMIFS(MRP!$L$2:$L$221, MRP!$B$2:$B$221, $C149, MRP!$G$2:$G$221, I$1) )*F149 -> 0 | J149: =SUM( SUMIFS(MRP!$H$2:$H$221, MRP!$B$2:$B$221, $C149, MRP!$G$2:$G$221, J$1), SUMIFS(MRP!$I$2:$I$221, MRP!$B$2:$B$221, $C149, MRP!$G$2:$G$221, J$1), SUMIFS(MRP!$J$2:$J$221, MRP!$B$2:$B$221, $C149, MRP!$G$2:$G$221, J$1), SUMIFS(MRP!$K$2:$K$221, MRP!$B$2:$B$221, $C149, MRP!$G$2:$G$221, J$1), SUMIFS(MRP!$L$2:$L$221, MRP!$B$2:$B$221, $C149, MRP!$G$2:$G$221, J$1) )*F149 -> 0 | K149: =SUM( SUMIFS(MRP!$H$2:$H$221, MRP!$B$2:$B$221, $C149, MRP!$G$2:$G$221, K$1), SUMIFS(MRP!$I$2:$I$221, MRP!$B$2:$B$221, $C149, MRP!$G$2:$G$221, K$1), SUMIFS(MRP!$J$2:$J$221, MRP!$B$2:$B$221, $C149, MRP!$G$2:$G$221, K$1), SUMIFS(MRP!$K$2:$K$221, MRP!$B$2:$B$221, $C149, MRP!$G$2:$G$221, K$1), SUMIFS(MRP!$L$2:$L$221, MRP!$B$2:$B$221, $C149, MRP!$G$2:$G$221, K$1) )*F149 -> 0 | L149: =TRIM(Tabla3[[#This Row],[CodInternoArti]]) -> 7790991126352
A150: =IF(ISNUMBER(_xlfn.XMATCH(Tabla3[[#This Row],[CodInternoArti]],'Tabla Articulos'!B:B)),"OK","NO ESTA") -> OK | B150: =IF(ISNUMBER(_xlfn.XMATCH('Calcular necesidad'!E:E,'Necesidad por familia'!A:A)),"OK","NO ESTA") -> OK | C150: 7795618001244 | D150: VO BOLSA CAMISETA BCA 40X50X50UN | E150: =_xlfn.XLOOKUP(C150,'Tabla Articulos'!B:B,'Tabla Articulos'!D:D) -> CAMISETA BLANCA 40X50 | F150: 50 | G150: =SUM( SUMIFS(MRP!$H$2:$H$221, MRP!$B$2:$B$221, $C150, MRP!$G$2:$G$221, G$1), SUMIFS(MRP!$I$2:$I$221, MRP!$B$2:$B$221, $C150, MRP!$G$2:$G$221, G$1), SUMIFS(MRP!$J$2:$J$221, MRP!$B$2:$B$221, $C150, MRP!$G$2:$G$221, G$1), SUMIFS(MRP!$K$2:$K$221, MRP!$B$2:$B$221, $C150, MRP!$G$2:$G$221, G$1), SUMIFS(MRP!$L$2:$L$221, MRP!$B$2:$B$221, $C150, MRP!$G$2:$G$221, G$1) )*F150 -> 0 | H150: =SUM( SUMIFS(MRP!$H$2:$H$221, MRP!$B$2:$B$221, $C150, MRP!$G$2:$G$221, H$1), SUMIFS(MRP!$I$2:$I$221, MRP!$B$2:$B$221, $C150, MRP!$G$2:$G$221, H$1), SUMIFS(MRP!$J$2:$J$221, MRP!$B$2:$B$221, $C150, MRP!$G$2:$G$221, H$1), SUMIFS(MRP!$K$2:$K$221, MRP!$B$2:$B$221, $C150, MRP!$G$2:$G$221, H$1), SUMIFS(MRP!$L$2:$L$221, MRP!$B$2:$B$221, $C150, MRP!$G$2:$G$221, H$1) )*F150 -> 32200 | I150: =SUM( SUMIFS(MRP!$H$2:$H$221, MRP!$B$2:$B$221, $C150, MRP!$G$2:$G$221, I$1), SUMIFS(MRP!$I$2:$I$221, MRP!$B$2:$B$221, $C150, MRP!$G$2:$G$221, I$1), SUMIFS(MRP!$J$2:$J$221, MRP!$B$2:$B$221, $C150, MRP!$G$2:$G$221, I$1), SUMIFS(MRP!$K$2:$K$221, MRP!$B$2:$B$221, $C150, MRP!$G$2:$G$221, I$1), SUMIFS(MRP!$L$2:$L$221, MRP!$B$2:$B$221, $C150, MRP!$G$2:$G$221, I$1) )*F150 -> 0 | J150: =SUM( SUMIFS(MRP!$H$2:$H$221, MRP!$B$2:$B$221, $C150, MRP!$G$2:$G$221, J$1), SUMIFS(MRP!$I$2:$I$221, MRP!$B$2:$B$221, $C150, MRP!$G$2:$G$221, J$1), SUMIFS(MRP!$J$2:$J$221, MRP!$B$2:$B$221, $C150, MRP!$G$2:$G$221, J$1), SUMIFS(MRP!$K$2:$K$221, MRP!$B$2:$B$221, $C150, MRP!$G$2:$G$221, J$1), SUMIFS(MRP!$L$2:$L$221, MRP!$B$2:$B$221, $C150, MRP!$G$2:$G$221, J$1) )*F150 -> 0 | K150: =SUM( SUMIFS(MRP!$H$2:$H$221, MRP!$B$2:$B$221, $C150, MRP!$G$2:$G$221, K$1), SUMIFS(MRP!$I$2:$I$221, MRP!$B$2:$B$221, $C150, MRP!$G$2:$G$221, K$1), SUMIFS(MRP!$J$2:$J$221, MRP!$B$2:$B$221, $C150, MRP!$G$2:$G$221, K$1), SUMIFS(MRP!$K$2:$K$221, MRP!$B$2:$B$221, $C150, MRP!$G$2:$G$221, K$1), SUMIFS(MRP!$L$2:$L$221, MRP!$B$2:$B$221, $C150, MRP!$G$2:$G$221, K$1) )*F150 -> 0 | L150: =TRIM(Tabla3[[#This Row],[CodInternoArti]]) -> 7795618001244
A151: =IF(ISNUMBER(_xlfn.XMATCH(Tabla3[[#This Row],[CodInternoArti]],'Tabla Articulos'!B:B)),"OK","NO ESTA") -> OK | B151: =IF(ISNUMBER(_xlfn.XMATCH('Calcular necesidad'!E:E,'Necesidad por familia'!A:A)),"OK","NO ESTA") -> OK | C151: 7798068951879 | D151: BANDEJA 103 MICROONDAS COTNYL X100U | E151: =_xlfn.XLOOKUP(C151,'Tabla Articulos'!B:B,'Tabla Articulos'!D:D) -> BANDEJA 103 | F151: 100 | G151: =SUM( SUMIFS(MRP!$H$2:$H$221, MRP!$B$2:$B$221, $C151, MRP!$G$2:$G$221, G$1), SUMIFS(MRP!$I$2:$I$221, MRP!$B$2:$B$221, $C151, MRP!$G$2:$G$221, G$1), SUMIFS(MRP!$J$2:$J$221, MRP!$B$2:$B$221, $C151, MRP!$G$2:$G$221, G$1), SUMIFS(MRP!$K$2:$K$221, MRP!$B$2:$B$221, $C151, MRP!$G$2:$G$221, G$1), SUMIFS(MRP!$L$2:$L$221, MRP!$B$2:$B$221, $C151, MRP!$G$2:$G$221, G$1) )*F151 -> 0 | H151: =SUM( SUMIFS(MRP!$H$2:$H$221, MRP!$B$2:$B$221, $C151, MRP!$G$2:$G$221, H$1), SUMIFS(MRP!$I$2:$I$221, MRP!$B$2:$B$221, $C151, MRP!$G$2:$G$221, H$1), SUMIFS(MRP!$J$2:$J$221, MRP!$B$2:$B$221, $C151, MRP!$G$2:$G$221, H$1), SUMIFS(MRP!$K$2:$K$221, MRP!$B$2:$B$221, $C151, MRP!$G$2:$G$221, H$1), SUMIFS(MRP!$L$2:$L$221, MRP!$B$2:$B$221, $C151, MRP!$G$2:$G$221, H$1) )*F151 -> 2000 | I151: =SUM( SUMIFS(MRP!$H$2:$H$221, MRP!$B$2:$B$221, $C151, MRP!$G$2:$G$221, I$1), SUMIFS(MRP!$I$2:$I$221, MRP!$B$2:$B$221, $C151, MRP!$G$2:$G$221, I$1), SUMIFS(MRP!$J$2:$J$221, MRP!$B$2:$B$221, $C151, MRP!$G$2:$G$221, I$1), SUMIFS(MRP!$K$2:$K$221, MRP!$B$2:$B$221, $C151, MRP!$G$2:$G$221, I$1), SUMIFS(MRP!$L$2:$L$221, MRP!$B$2:$B$221, $C151, MRP!$G$2:$G$221, I$1) )*F151 -> 0 | J151: =SUM( SUMIFS(MRP!$H$2:$H$221, MRP!$B$2:$B$221, $C151, MRP!$G$2:$G$221, J$1), SUMIFS(MRP!$I$2:$I$221, MRP!$B$2:$B$221, $C151, MRP!$G$2:$G$221, J$1), SUMIFS(MRP!$J$2:$J$221, MRP!$B$2:$B$221, $C151, MRP!$G$2:$G$221, J$1), SUMIFS(MRP!$K$2:$K$221, MRP!$B$2:$B$221, $C151, MRP!$G$2:$G$221, J$1), SUMIFS(MRP!$L$2:$L$221, MRP!$B$2:$B$221, $C151, MRP!$G$2:$G$221, J$1) )*F151 -> 0 | K151: =SUM( SUMIFS(MRP!$H$2:$H$221, MRP!$B$2:$B$221, $C151, MRP!$G$2:$G$221, K$1), SUMIFS(MRP!$I$2:$I$221, MRP!$B$2:$B$221, $C151, MRP!$G$2:$G$221, K$1), SUMIFS(MRP!$J$2:$J$221, MRP!$B$2:$B$221, $C151, MRP!$G$2:$G$221, K$1), SUMIFS(MRP!$K$2:$K$221, MRP!$B$2:$B$221, $C151, MRP!$G$2:$G$221, K$1), SUMIFS(MRP!$L$2:$L$221, MRP!$B$2:$B$221, $C151, MRP!$G$2:$G$221, K$1) )*F151 -> 0 | L151: =TRIM(Tabla3[[#This Row],[CodInternoArti]]) -> 7798068951879
A152: =IF(ISNUMBER(_xlfn.XMATCH(Tabla3[[#This Row],[CodInternoArti]],'Tabla Articulos'!B:B)),"OK","NO ESTA") -> OK | B152: =IF(ISNUMBER(_xlfn.XMATCH('Calcular necesidad'!E:E,'Necesidad por familia'!A:A)),"OK","NO ESTA") -> OK | C152: 7790000000386 | D152: BOLSA CAM NEGR REF 50X60X100U EVADEC | E152: =_xlfn.XLOOKUP(C152,'Tabla Articulos'!B:B,'Tabla Articulos'!D:D) -> CAMISETA 50X60 REF | F152: 100 | G152: =SUM( SUMIFS(MRP!$H$2:$H$221, MRP!$B$2:$B$221, $C152, MRP!$G$2:$G$221, G$1), SUMIFS(MRP!$I$2:$I$221, MRP!$B$2:$B$221, $C152, MRP!$G$2:$G$221, G$1), SUMIFS(MRP!$J$2:$J$221, MRP!$B$2:$B$221, $C152, MRP!$G$2:$G$221, G$1), SUMIFS(MRP!$K$2:$K$221, MRP!$B$2:$B$221, $C152, MRP!$G$2:$G$221, G$1), SUMIFS(MRP!$L$2:$L$221, MRP!$B$2:$B$221, $C152, MRP!$G$2:$G$221, G$1) )*F152 -> 2300 | H152: =SUM( SUMIFS(MRP!$H$2:$H$221, MRP!$B$2:$B$221, $C152, MRP!$G$2:$G$221, H$1), SUMIFS(MRP!$I$2:$I$221, MRP!$B$2:$B$221, $C152, MRP!$G$2:$G$221, H$1), SUMIFS(MRP!$J$2:$J$221, MRP!$B$2:$B$221, $C152, MRP!$G$2:$G$221, H$1), SUMIFS(MRP!$K$2:$K$221, MRP!$B$2:$B$221, $C152, MRP!$G$2:$G$221, H$1), SUMIFS(MRP!$L$2:$L$221, MRP!$B$2:$B$221, $C152, MRP!$G$2:$G$221, H$1) )*F152 -> 0 | I152: =SUM( SUMIFS(MRP!$H$2:$H$221, MRP!$B$2:$B$221, $C152, MRP!$G$2:$G$221, I$1), SUMIFS(MRP!$I$2:$I$221, MRP!$B$2:$B$221, $C152, MRP!$G$2:$G$221, I$1), SUMIFS(MRP!$J$2:$J$221, MRP!$B$2:$B$221, $C152, MRP!$G$2:$G$221, I$1), SUMIFS(MRP!$K$2:$K$221, MRP!$B$2:$B$221, $C152, MRP!$G$2:$G$221, I$1), SUMIFS(MRP!$L$2:$L$221, MRP!$B$2:$B$221, $C152, MRP!$G$2:$G$221, I$1) )*F152 -> 0 | J152: =SUM( SUMIFS(MRP!$H$2:$H$221, MRP!$B$2:$B$221, $C152, MRP!$G$2:$G$221, J$1), SUMIFS(MRP!$I$2:$I$221, MRP!$B$2:$B$221, $C152, MRP!$G$2:$G$221, J$1), SUMIFS(MRP!$J$2:$J$221, MRP!$B$2:$B$221, $C152, MRP!$G$2:$G$221, J$1), SUMIFS(MRP!$K$2:$K$221, MRP!$B$2:$B$221, $C152, MRP!$G$2:$G$221, J$1), SUMIFS(MRP!$L$2:$L$221, MRP!$B$2:$B$221, $C152, MRP!$G$2:$G$221, J$1) )*F152 -> 0 | K152: =SUM( SUMIFS(MRP!$H$2:$H$221, MRP!$B$2:$B$221, $C152, MRP!$G$2:$G$221, K$1), SUMIFS(MRP!$I$2:$I$221, MRP!$B$2:$B$221, $C152, MRP!$G$2:$G$221, K$1), SUMIFS(MRP!$J$2:$J$221, MRP!$B$2:$B$221, $C152, MRP!$G$2:$G$221, K$1), SUMIFS(MRP!$K$2:$K$221, MRP!$B$2:$B$221, $C152, MRP!$G$2:$G$221, K$1), SUMIFS(MRP!$L$2:$L$221, MRP!$B$2:$B$221, $C152, MRP!$G$2:$G$221, K$1) )*F152 -> 0 | L152: =TRIM(Tabla3[[#This Row],[CodInternoArti]]) -> 7790000000386
A153: =IF(ISNUMBER(_xlfn.XMATCH(Tabla3[[#This Row],[CodInternoArti]],'Tabla Articulos'!B:B)),"OK","NO ESTA") -> OK | B153: =IF(ISNUMBER(_xlfn.XMATCH('Calcular necesidad'!E:E,'Necesidad por familia'!A:A)),"OK","NO ESTA") -> OK | C153: 7790000000690 | D153: SERVILLETA SIMIL TELA X1600U 40X40 | E153: =_xlfn.XLOOKUP(C153,'Tabla Articulos'!B:B,'Tabla Articulos'!D:D) -> SERVILLETA SIMIL TELA | F153: 1600 | G153: =SUM( SUMIFS(MRP!$H$2:$H$221, MRP!$B$2:$B$221, $C153, MRP!$G$2:$G$221, G$1), SUMIFS(MRP!$I$2:$I$221, MRP!$B$2:$B$221, $C153, MRP!$G$2:$G$221, G$1), SUMIFS(MRP!$J$2:$J$221, MRP!$B$2:$B$221, $C153, MRP!$G$2:$G$221, G$1), SUMIFS(MRP!$K$2:$K$221, MRP!$B$2:$B$221, $C153, MRP!$G$2:$G$221, G$1), SUMIFS(MRP!$L$2:$L$221, MRP!$B$2:$B$221, $C153, MRP!$G$2:$G$221, G$1) )*F153 -> 0 | H153: =SUM( SUMIFS(MRP!$H$2:$H$221, MRP!$B$2:$B$221, $C153, MRP!$G$2:$G$221, H$1), SUMIFS(MRP!$I$2:$I$221, MRP!$B$2:$B$221, $C153, MRP!$G$2:$G$221, H$1), SUMIFS(MRP!$J$2:$J$221, MRP!$B$2:$B$221, $C153, MRP!$G$2:$G$221, H$1), SUMIFS(MRP!$K$2:$K$221, MRP!$B$2:$B$221, $C153, MRP!$G$2:$G$221, H$1), SUMIFS(MRP!$L$2:$L$221, MRP!$B$2:$B$221, $C153, MRP!$G$2:$G$221, H$1) )*F153 -> 0 | I153: =SUM( SUMIFS(MRP!$H$2:$H$221, MRP!$B$2:$B$221, $C153, MRP!$G$2:$G$221, I$1), SUMIFS(MRP!$I$2:$I$221, MRP!$B$2:$B$221, $C153, MRP!$G$2:$G$221, I$1), SUMIFS(MRP!$J$2:$J$221, MRP!$B$2:$B$221, $C153, MRP!$G$2:$G$221, I$1), SUMIFS(MRP!$K$2:$K$221, MRP!$B$2:$B$221, $C153, MRP!$G$2:$G$221, I$1), SUMIFS(MRP!$L$2:$L$221, MRP!$B$2:$B$221, $C153, MRP!$G$2:$G$221, I$1) )*F153 -> 0 | J153: =SUM( SUMIFS(MRP!$H$2:$H$221, MRP!$B$2:$B$221, $C153, MRP!$G$2:$G$221, J$1), SUMIFS(MRP!$I$2:$I$221, MRP!$B$2:$B$221, $C153, MRP!$G$2:$G$221, J$1), SUMIFS(MRP!$J$2:$J$221, MRP!$B$2:$B$221, $C153, MRP!$G$2:$G$221, J$1), SUMIFS(MRP!$K$2:$K$221, MRP!$B$2:$B$221, $C153, MRP!$G$2:$G$221, J$1), SUMIFS(MRP!$L$2:$L$221, MRP!$B$2:$B$221, $C153, MRP!$G$2:$G$221, J$1) )*F153 -> 0 | K153: =SUM( SUMIFS(MRP!$H$2:$H$221, MRP!$B$2:$B$221, $C153, MRP!$G$2:$G$221, K$1), SUMIFS(MRP!$I$2:$I$221, MRP!$B$2:$B$221, $C153, MRP!$G$2:$G$221, K$1), SUMIFS(MRP!$J$2:$J$221, MRP!$B$2:$B$221, $C153, MRP!$G$2:$G$221, K$1), SUMIFS(MRP!$K$2:$K$221, MRP!$B$2:$B$221, $C153, MRP!$G$2:$G$221, K$1), SUMIFS(MRP!$L$2:$L$221, MRP!$B$2:$B$221, $C153, MRP!$G$2:$G$221, K$1) )*F153 -> 0 | L153: =TRIM(Tabla3[[#This Row],[CodInternoArti]]) -> 7790000000690
A154: =IF(ISNUMBER(_xlfn.XMATCH(Tabla3[[#This Row],[CodInternoArti]],'Tabla Articulos'!B:B)),"OK","NO ESTA") -> OK | B154: =IF(ISNUMBER(_xlfn.XMATCH('Calcular necesidad'!E:E,'Necesidad por familia'!A:A)),"OK","NO ESTA") -> OK | C154: 7798011211043 | D154: BANDEJA 103 X100U MICRO COTNYL | E154: =_xlfn.XLOOKUP(C154,'Tabla Articulos'!B:B,'Tabla Articulos'!D:D) -> BANDEJA 103 | F154: 100 | G154: =SUM( SUMIFS(MRP!$H$2:$H$221, MRP!$B$2:$B$221, $C154, MRP!$G$2:$G$221, G$1), SUMIFS(MRP!$I$2:$I$221, MRP!$B$2:$B$221, $C154, MRP!$G$2:$G$221, G$1), SUMIFS(MRP!$J$2:$J$221, MRP!$B$2:$B$221, $C154, MRP!$G$2:$G$221, G$1), SUMIFS(MRP!$K$2:$K$221, MRP!$B$2:$B$221, $C154, MRP!$G$2:$G$221, G$1), SUMIFS(MRP!$L$2:$L$221, MRP!$B$2:$B$221, $C154, MRP!$G$2:$G$221, G$1) )*F154 -> 0 | H154: =SUM( SUMIFS(MRP!$H$2:$H$221, MRP!$B$2:$B$221, $C154, MRP!$G$2:$G$221, H$1), SUMIFS(MRP!$I$2:$I$221, MRP!$B$2:$B$221, $C154, MRP!$G$2:$G$221, H$1), SUMIFS(MRP!$J$2:$J$221, MRP!$B$2:$B$221, $C154, MRP!$G$2:$G$221, H$1), SUMIFS(MRP!$K$2:$K$221, MRP!$B$2:$B$221, $C154, MRP!$G$2:$G$221, H$1), SUMIFS(MRP!$L$2:$L$221, MRP!$B$2:$B$221, $C154, MRP!$G$2:$G$221, H$1) )*F154 -> 0 | I154: =SUM( SUMIFS(MRP!$H$2:$H$221, MRP!$B$2:$B$221, $C154, MRP!$G$2:$G$221, I$1), SUMIFS(MRP!$I$2:$I$221, MRP!$B$2:$B$221, $C154, MRP!$G$2:$G$221, I$1), SUMIFS(MRP!$J$2:$J$221, MRP!$B$2:$B$221, $C154, MRP!$G$2:$G$221, I$1), SUMIFS(MRP!$K$2:$K$221, MRP!$B$2:$B$221, $C154, MRP!$G$2:$G$221, I$1), SUMIFS(MRP!$L$2:$L$221, MRP!$B$2:$B$221, $C154, MRP!$G$2:$G$221, I$1) )*F154 -> 0 | J154: =SUM( SUMIFS(MRP!$H$2:$H$221, MRP!$B$2:$B$221, $C154, MRP!$G$2:$G$221, J$1), SUMIFS(MRP!$I$2:$I$221, MRP!$B$2:$B$221, $C154, MRP!$G$2:$G$221, J$1), SUMIFS(MRP!$J$2:$J$221, MRP!$B$2:$B$221, $C154, MRP!$G$2:$G$221, J$1), SUMIFS(MRP!$K$2:$K$221, MRP!$B$2:$B$221, $C154, MRP!$G$2:$G$221, J$1), SUMIFS(MRP!$L$2:$L$221, MRP!$B$2:$B$221, $C154, MRP!$G$2:$G$221, J$1) )*F154 -> 0 | K154: =SUM( SUMIFS(MRP!$H$2:$H$221, MRP!$B$2:$B$221, $C154, MRP!$G$2:$G$221, K$1), SUMIFS(MRP!$I$2:$I$221, MRP!$B$2:$B$221, $C154, MRP!$G$2:$G$221, K$1), SUMIFS(MRP!$J$2:$J$221, MRP!$B$2:$B$221, $C154, MRP!$G$2:$G$221, K$1), SUMIFS(MRP!$K$2:$K$221, MRP!$B$2:$B$221, $C154, MRP!$G$2:$G$221, K$1), SUMIFS(MRP!$L$2:$L$221, MRP!$B$2:$B$221, $C154, MRP!$G$2:$G$221, K$1) )*F154 -> 0 | L154: =TRIM(Tabla3[[#This Row],[CodInternoArti]]) -> 7798011211043
A155: =IF(ISNUMBER(_xlfn.XMATCH(Tabla3[[#This Row],[CodInternoArti]],'Tabla Articulos'!B:B)),"OK","NO ESTA") -> OK | B155: =IF(ISNUMBER(_xlfn.XMATCH('Calcular necesidad'!E:E,'Necesidad por familia'!A:A)),"OK","NO ESTA") -> OK | C155: 7790458657255 | D155: VO GUANTES LATEX ANTIDESLIZANTE TIBU | E155: =_xlfn.XLOOKUP(C155,'Tabla Articulos'!B:B,'Tabla Articulos'!D:D) -> GUANTE ANTIDESLIZANTE | G155: =SUM( SUMIFS(MRP!$H$2:$H$221, MRP!$B$2:$B$221, $C155, MRP!$G$2:$G$221, G$1), SUMIFS(MRP!$I$2:$I$221, MRP!$B$2:$B$221, $C155, MRP!$G$2:$G$221, G$1), SUMIFS(MRP!$J$2:$J$221, MRP!$B$2:$B$221, $C155, MRP!$G$2:$G$221, G$1), SUMIFS(MRP!$K$2:$K$221, MRP!$B$2:$B$221, $C155, MRP!$G$2:$G$221, G$1), SUMIFS(MRP!$L$2:$L$221, MRP!$B$2:$B$221, $C155, MRP!$G$2:$G$221, G$1) )*F155 -> 0 | H155: =SUM( SUMIFS(MRP!$H$2:$H$221, MRP!$B$2:$B$221, $C155, MRP!$G$2:$G$221, H$1), SUMIFS(MRP!$I$2:$I$221, MRP!$B$2:$B$221, $C155, MRP!$G$2:$G$221, H$1), SUMIFS(MRP!$J$2:$J$221, MRP!$B$2:$B$221, $C155, MRP!$G$2:$G$221, H$1), SUMIFS(MRP!$K$2:$K$221, MRP!$B$2:$B$221, $C155, MRP!$G$2:$G$221, H$1), SUMIFS(MRP!$L$2:$L$221, MRP!$B$2:$B$221, $C155, MRP!$G$2:$G$221, H$1) )*F155 -> 0 | I155: =SUM( SUMIFS(MRP!$H$2:$H$221, MRP!$B$2:$B$221, $C155, MRP!$G$2:$G$221, I$1), SUMIFS(MRP!$I$2:$I$221, MRP!$B$2:$B$221, $C155, MRP!$G$2:$G$221, I$1), SUMIFS(MRP!$J$2:$J$221, MRP!$B$2:$B$221, $C155, MRP!$G$2:$G$221, I$1), SUMIFS(MRP!$K$2:$K$221, MRP!$B$2:$B$221, $C155, MRP!$G$2:$G$221, I$1), SUMIFS(MRP!$L$2:$L$221, MRP!$B$2:$B$221, $C155, MRP!$G$2:$G$221, I$1) )*F155 -> 0 | J155: =SUM( SUMIFS(MRP!$H$2:$H$221, MRP!$B$2:$B$221, $C155, MRP!$G$2:$G$221, J$1), SUMIFS(MRP!$I$2:$I$221, MRP!$B$2:$B$221, $C155, MRP!$G$2:$G$221, J$1), SUMIFS(MRP!$J$2:$J$221, MRP!$B$2:$B$221, $C155, MRP!$G$2:$G$221, J$1), SUMIFS(MRP!$K$2:$K$221, MRP!$B$2:$B$221, $C155, MRP!$G$2:$G$221, J$1), SUMIFS(MRP!$L$2:$L$221, MRP!$B$2:$B$221, $C155, MRP!$G$2:$G$221, J$1) )*F155 -> 0 | K155: =SUM( SUMIFS(MRP!$H$2:$H$221, MRP!$B$2:$B$221, $C155, MRP!$G$2:$G$221, K$1), SUMIFS(MRP!$I$2:$I$221, MRP!$B$2:$B$221, $C155, MRP!$G$2:$G$221, K$1), SUMIFS(MRP!$J$2:$J$221, MRP!$B$2:$B$221, $C155, MRP!$G$2:$G$221, K$1), SUMIFS(MRP!$K$2:$K$221, MRP!$B$2:$B$221, $C155, MRP!$G$2:$G$221, K$1), SUMIFS(MRP!$L$2:$L$221, MRP!$B$2:$B$221, $C155, MRP!$G$2:$G$221, K$1) )*F155 -> 0 | L155: =TRIM(Tabla3[[#This Row],[CodInternoArti]]) -> 7790458657255
A156: =IF(ISNUMBER(_xlfn.XMATCH(Tabla3[[#This Row],[CodInternoArti]],'Tabla Articulos'!B:B)),"OK","NO ESTA") -> OK | B156: =IF(ISNUMBER(_xlfn.XMATCH('Calcular necesidad'!E:E,'Necesidad por familia'!A:A)),"OK","NO ESTA") -> OK | C156: 7790000000043 | D156: MANTEL INDIVIDUAL KRAFT LISO X200U | E156: =_xlfn.XLOOKUP(C156,'Tabla Articulos'!B:B,'Tabla Articulos'!D:D) -> INDIVIDUAL KRAFT | F156: =_xlfn.XLOOKUP(C156,'Tabla Articulos'!B:B,'Tabla Articulos'!E:E) -> 200 | G156: =SUM( SUMIFS(MRP!$H$2:$H$221, MRP!$B$2:$B$221, $C156, MRP!$G$2:$G$221, G$1), SUMIFS(MRP!$I$2:$I$221, MRP!$B$2:$B$221, $C156, MRP!$G$2:$G$221, G$1), SUMIFS(MRP!$J$2:$J$221, MRP!$B$2:$B$221, $C156, MRP!$G$2:$G$221, G$1), SUMIFS(MRP!$K$2:$K$221, MRP!$B$2:$B$221, $C156, MRP!$G$2:$G$221, G$1), SUMIFS(MRP!$L$2:$L$221, MRP!$B$2:$B$221, $C156, MRP!$G$2:$G$221, G$1) )*F156 -> 0 | H156: =SUM( SUMIFS(MRP!$H$2:$H$221, MRP!$B$2:$B$221, $C156, MRP!$G$2:$G$221, H$1), SUMIFS(MRP!$I$2:$I$221, MRP!$B$2:$B$221, $C156, MRP!$G$2:$G$221, H$1), SUMIFS(MRP!$J$2:$J$221, MRP!$B$2:$B$221, $C156, MRP!$G$2:$G$221, H$1), SUMIFS(MRP!$K$2:$K$221, MRP!$B$2:$B$221, $C156, MRP!$G$2:$G$221, H$1), SUMIFS(MRP!$L$2:$L$221, MRP!$B$2:$B$221, $C156, MRP!$G$2:$G$221, H$1) )*F156 -> 400 | I156: =SUM( SUMIFS(MRP!$H$2:$H$221, MRP!$B$2:$B$221, $C156, MRP!$G$2:$G$221, I$1), SUMIFS(MRP!$I$2:$I$221, MRP!$B$2:$B$221, $C156, MRP!$G$2:$G$221, I$1), SUMIFS(MRP!$J$2:$J$221, MRP!$B$2:$B$221, $C156, MRP!$G$2:$G$221, I$1), SUMIFS(MRP!$K$2:$K$221, MRP!$B$2:$B$221, $C156, MRP!$G$2:$G$221, I$1), SUMIFS(MRP!$L$2:$L$221, MRP!$B$2:$B$221, $C156, MRP!$G$2:$G$221, I$1) )*F156 -> 0 | J156: =SUM( SUMIFS(MRP!$H$2:$H$221, MRP!$B$2:$B$221, $C156, MRP!$G$2:$G$221, J$1), SUMIFS(MRP!$I$2:$I$221, MRP!$B$2:$B$221, $C156, MRP!$G$2:$G$221, J$1), SUMIFS(MRP!$J$2:$J$221, MRP!$B$2:$B$221, $C156, MRP!$G$2:$G$221, J$1), SUMIFS(MRP!$K$2:$K$221, MRP!$B$2:$B$221, $C156, MRP!$G$2:$G$221, J$1), SUMIFS(MRP!$L$2:$L$221, MRP!$B$2:$B$221, $C156, MRP!$G$2:$G$221, J$1) )*F156 -> 0 | K156: =SUM( SUMIFS(MRP!$H$2:$H$221, MRP!$B$2:$B$221, $C156, MRP!$G$2:$G$221, K$1), SUMIFS(MRP!$I$2:$I$221, MRP!$B$2:$B$221, $C156, MRP!$G$2:$G$221, K$1), SUMIFS(MRP!$J$2:$J$221, MRP!$B$2:$B$221, $C156, MRP!$G$2:$G$221, K$1), SUMIFS(MRP!$K$2:$K$221, MRP!$B$2:$B$221, $C156, MRP!$G$2:$G$221, K$1), SUMIFS(MRP!$L$2:$L$221, MRP!$B$2:$B$221, $C156, MRP!$G$2:$G$221, K$1) )*F156 -> 0 | L156: =TRIM(Tabla3[[#This Row],[CodInternoArti]]) -> 7790000000043
A157: =IF(ISNUMBER(_xlfn.XMATCH(Tabla3[[#This Row],[CodInternoArti]],'Tabla Articulos'!B:B)),"OK","NO ESTA") -> OK | B157: =IF(ISNUMBER(_xlfn.XMATCH('Calcular necesidad'!E:E,'Necesidad por familia'!A:A)),"OK","NO ESTA") -> OK | C157: 7790000000517 | D157: GL CUCH. COMP.11CM HEL.X100U BIOPAC | E157: =_xlfn.XLOOKUP(C157,'Tabla Articulos'!B:B,'Tabla Articulos'!D:D) -> CUCHARA HELADO BIO | F157: =_xlfn.XLOOKUP(C157,'Tabla Articulos'!B:B,'Tabla Articulos'!E:E) -> 100 | G157: =SUM( SUMIFS(MRP!$H$2:$H$221, MRP!$B$2:$B$221, $C157, MRP!$G$2:$G$221, G$1), SUMIFS(MRP!$I$2:$I$221, MRP!$B$2:$B$221, $C157, MRP!$G$2:$G$221, G$1), SUMIFS(MRP!$J$2:$J$221, MRP!$B$2:$B$221, $C157, MRP!$G$2:$G$221, G$1), SUMIFS(MRP!$K$2:$K$221, MRP!$B$2:$B$221, $C157, MRP!$G$2:$G$221, G$1), SUMIFS(MRP!$L$2:$L$221, MRP!$B$2:$B$221, $C157, MRP!$G$2:$G$221, G$1) )*F157 -> 0 | H157: =SUM( SUMIFS(MRP!$H$2:$H$221, MRP!$B$2:$B$221, $C157, MRP!$G$2:$G$221, H$1), SUMIFS(MRP!$I$2:$I$221, MRP!$B$2:$B$221, $C157, MRP!$G$2:$G$221, H$1), SUMIFS(MRP!$J$2:$J$221, MRP!$B$2:$B$221, $C157, MRP!$G$2:$G$221, H$1), SUMIFS(MRP!$K$2:$K$221, MRP!$B$2:$B$221, $C157, MRP!$G$2:$G$221, H$1), SUMIFS(MRP!$L$2:$L$221, MRP!$B$2:$B$221, $C157, MRP!$G$2:$G$221, H$1) )*F157 -> 23000 | I157: =SUM( SUMIFS(MRP!$H$2:$H$221, MRP!$B$2:$B$221, $C157, MRP!$G$2:$G$221, I$1), SUMIFS(MRP!$I$2:$I$221, MRP!$B$2:$B$221, $C157, MRP!$G$2:$G$221, I$1), SUMIFS(MRP!$J$2:$J$221, MRP!$B$2:$B$221, $C157, MRP!$G$2:$G$221, I$1), SUMIFS(MRP!$K$2:$K$221, MRP!$B$2:$B$221, $C157, MRP!$G$2:$G$221, I$1), SUMIFS(MRP!$L$2:$L$221, MRP!$B$2:$B$221, $C157, MRP!$G$2:$G$221, I$1) )*F157 -> 0 | J157: =SUM( SUMIFS(MRP!$H$2:$H$221, MRP!$B$2:$B$221, $C157, MRP!$G$2:$G$221, J$1), SUMIFS(MRP!$I$2:$I$221, MRP!$B$2:$B$221, $C157, MRP!$G$2:$G$221, J$1), SUMIFS(MRP!$J$2:$J$221, MRP!$B$2:$B$221, $C157, MRP!$G$2:$G$221, J$1), SUMIFS(MRP!$K$2:$K$221, MRP!$B$2:$B$221, $C157, MRP!$G$2:$G$221, J$1), SUMIFS(MRP!$L$2:$L$221, MRP!$B$2:$B$221, $C157, MRP!$G$2:$G$221, J$1) )*F157 -> 0 | K157: =SUM( SUMIFS(MRP!$H$2:$H$221, MRP!$B$2:$B$221, $C157, MRP!$G$2:$G$221, K$1), SUMIFS(MRP!$I$2:$I$221, MRP!$B$2:$B$221, $C157, MRP!$G$2:$G$221, K$1), SUMIFS(MRP!$J$2:$J$221, MRP!$B$2:$B$221, $C157, MRP!$G$2:$G$221, K$1), SUMIFS(MRP!$K$2:$K$221, MRP!$B$2:$B$221, $C157, MRP!$G$2:$G$221, K$1), SUMIFS(MRP!$L$2:$L$221, MRP!$B$2:$B$221, $C157, MRP!$G$2:$G$221, K$1) )*F157 -> 0 | L157: =TRIM(Tabla3[[#This Row],[CodInternoArti]]) -> 7790000000517
A158: =IF(ISNUMBER(_xlfn.XMATCH(Tabla3[[#This Row],[CodInternoArti]],'Tabla Articulos'!B:B)),"OK","NO ESTA") -> OK | B158: =IF(ISNUMBER(_xlfn.XMATCH('Calcular necesidad'!E:E,'Necesidad por familia'!A:A)),"OK","NO ESTA") -> OK | C158: 7798161675719 | D158: GUANTE LATEX M X 100 EUROMIX | E158: =_xlfn.XLOOKUP(C158,'Tabla Articulos'!B:B,'Tabla Articulos'!D:D) -> GUANTE LATEX M | F158: =_xlfn.XLOOKUP(C158,'Tabla Articulos'!B:B,'Tabla Articulos'!E:E) -> 100 | G158: =SUM( SUMIFS(MRP!$H$2:$H$221, MRP!$B$2:$B$221, $C158, MRP!$G$2:$G$221, G$1), SUMIFS(MRP!$I$2:$I$221, MRP!$B$2:$B$221, $C158, MRP!$G$2:$G$221, G$1), SUMIFS(MRP!$J$2:$J$221, MRP!$B$2:$B$221, $C158, MRP!$G$2:$G$221, G$1), SUMIFS(MRP!$K$2:$K$221, MRP!$B$2:$B$221, $C158, MRP!$G$2:$G$221, G$1), SUMIFS(MRP!$L$2:$L$221, MRP!$B$2:$B$221, $C158, MRP!$G$2:$G$221, G$1) )*F158 -> 0 | H158: =SUM( SUMIFS(MRP!$H$2:$H$221, MRP!$B$2:$B$221, $C158, MRP!$G$2:$G$221, H$1), SUMIFS(MRP!$I$2:$I$221, MRP!$B$2:$B$221, $C158, MRP!$G$2:$G$221, H$1), SUMIFS(MRP!$J$2:$J$221, MRP!$B$2:$B$221, $C158, MRP!$G$2:$G$221, H$1), SUMIFS(MRP!$K$2:$K$221, MRP!$B$2:$B$221, $C158, MRP!$G$2:$G$221, H$1), SUMIFS(MRP!$L$2:$L$221, MRP!$B$2:$B$221, $C158, MRP!$G$2:$G$221, H$1) )*F158 -> 7300 | I158: =SUM( SUMIFS(MRP!$H$2:$H$221, MRP!$B$2:$B$221, $C158, MRP!$G$2:$G$221, I$1), SUMIFS(MRP!$I$2:$I$221, MRP!$B$2:$B$221, $C158, MRP!$G$2:$G$221, I$1), SUMIFS(MRP!$J$2:$J$221, MRP!$B$2:$B$221, $C158, MRP!$G$2:$G$221, I$1), SUMIFS(MRP!$K$2:$K$221, MRP!$B$2:$B$221, $C158, MRP!$G$2:$G$221, I$1), SUMIFS(MRP!$L$2:$L$221, MRP!$B$2:$B$221, $C158, MRP!$G$2:$G$221, I$1) )*F158 -> 0 | J158: =SUM( SUMIFS(MRP!$H$2:$H$221, MRP!$B$2:$B$221, $C158, MRP!$G$2:$G$221, J$1), SUMIFS(MRP!$I$2:$I$221, MRP!$B$2:$B$221, $C158, MRP!$G$2:$G$221, J$1), SUMIFS(MRP!$J$2:$J$221, MRP!$B$2:$B$221, $C158, MRP!$G$2:$G$221, J$1), SUMIFS(MRP!$K$2:$K$221, MRP!$B$2:$B$221, $C158, MRP!$G$2:$G$221, J$1), SUMIFS(MRP!$L$2:$L$221, MRP!$B$2:$B$221, $C158, MRP!$G$2:$G$221, J$1) )*F158 -> 0 | K158: =SUM( SUMIFS(MRP!$H$2:$H$221, MRP!$B$2:$B$221, $C158, MRP!$G$2:$G$221, K$1), SUMIFS(MRP!$I$2:$I$221, MRP!$B$2:$B$221, $C158, MRP!$G$2:$G$221, K$1), SUMIFS(MRP!$J$2:$J$221, MRP!$B$2:$B$221, $C158, MRP!$G$2:$G$221, K$1), SUMIFS(MRP!$K$2:$K$221, MRP!$B$2:$B$221, $C158, MRP!$G$2:$G$221, K$1), SUMIFS(MRP!$L$2:$L$221, MRP!$B$2:$B$221, $C158, MRP!$G$2:$G$221, K$1) )*F158 -> 0 | L158: =TRIM(Tabla3[[#This Row],[CodInternoArti]]) -> 7798161675719
A159: =IF(ISNUMBER(_xlfn.XMATCH(Tabla3[[#This Row],[CodInternoArti]],'Tabla Articulos'!B:B)),"OK","NO ESTA") -> OK | B159: =IF(ISNUMBER(_xlfn.XMATCH('Calcular necesidad'!E:E,'Necesidad por familia'!A:A)),"OK","NO ESTA") -> OK | C159: 7790000000410 | D159: VO SERV BEIGE 33X33X1000U CHEFGOURMET | E159: =_xlfn.XLOOKUP(C159,'Tabla Articulos'!B:B,'Tabla Articulos'!D:D) -> SERVILLETA C/ LOGO C. GOURMET 33X21.5 | F159: =_xlfn.XLOOKUP(C159,'Tabla Articulos'!B:B,'Tabla Articulos'!E:E) -> 1000 | G159: =SUM( SUMIFS(MRP!$H$2:$H$221, MRP!$B$2:$B$221, $C159, MRP!$G$2:$G$221, G$1), SUMIFS(MRP!$I$2:$I$221, MRP!$B$2:$B$221, $C159, MRP!$G$2:$G$221, G$1), SUMIFS(MRP!$J$2:$J$221, MRP!$B$2:$B$221, $C159, MRP!$G$2:$G$221, G$1), SUMIFS(MRP!$K$2:$K$221, MRP!$B$2:$B$221, $C159, MRP!$G$2:$G$221, G$1), SUMIFS(MRP!$L$2:$L$221, MRP!$B$2:$B$221, $C159, MRP!$G$2:$G$221, G$1) )*F159 -> 0 | H159: =SUM( SUMIFS(MRP!$H$2:$H$221, MRP!$B$2:$B$221, $C159, MRP!$G$2:$G$221, H$1), SUMIFS(MRP!$I$2:$I$221, MRP!$B$2:$B$221, $C159, MRP!$G$2:$G$221, H$1), SUMIFS(MRP!$J$2:$J$221, MRP!$B$2:$B$221, $C159, MRP!$G$2:$G$221, H$1), SUMIFS(MRP!$K$2:$K$221, MRP!$B$2:$B$221, $C159, MRP!$G$2:$G$221, H$1), SUMIFS(MRP!$L$2:$L$221, MRP!$B$2:$B$221, $C159, MRP!$G$2:$G$221, H$1) )*F159 -> 0 | I159: =SUM( SUMIFS(MRP!$H$2:$H$221, MRP!$B$2:$B$221, $C159, MRP!$G$2:$G$221, I$1), SUMIFS(MRP!$I$2:$I$221, MRP!$B$2:$B$221, $C159, MRP!$G$2:$G$221, I$1), SUMIFS(MRP!$J$2:$J$221, MRP!$B$2:$B$221, $C159, MRP!$G$2:$G$221, I$1), SUMIFS(MRP!$K$2:$K$221, MRP!$B$2:$B$221, $C159, MRP!$G$2:$G$221, I$1), SUMIFS(MRP!$L$2:$L$221, MRP!$B$2:$B$221, $C159, MRP!$G$2:$G$221, I$1) )*F159 -> 0 | J159: =SUM( SUMIFS(MRP!$H$2:$H$221, MRP!$B$2:$B$221, $C159, MRP!$G$2:$G$221, J$1), SUMIFS(MRP!$I$2:$I$221, MRP!$B$2:$B$221, $C159, MRP!$G$2:$G$221, J$1), SUMIFS(MRP!$J$2:$J$221, MRP!$B$2:$B$221, $C159, MRP!$G$2:$G$221, J$1), SUMIFS(MRP!$K$2:$K$221, MRP!$B$2:$B$221, $C159, MRP!$G$2:$G$221, J$1), SUMIFS(MRP!$L$2:$L$221, MRP!$B$2:$B$221, $C159, MRP!$G$2:$G$221, J$1) )*F159 -> 0 | K159: =SUM( SUMIFS(MRP!$H$2:$H$221, MRP!$B$2:$B$221, $C159, MRP!$G$2:$G$221, K$1), SUMIFS(MRP!$I$2:$I$221, MRP!$B$2:$B$221, $C159, MRP!$G$2:$G$221, K$1), SUMIFS(MRP!$J$2:$J$221, MRP!$B$2:$B$221, $C159, MRP!$G$2:$G$221, K$1), SUMIFS(MRP!$K$2:$K$221, MRP!$B$2:$B$221, $C159, MRP!$G$2:$G$221, K$1), SUMIFS(MRP!$L$2:$L$221, MRP!$B$2:$B$221, $C159, MRP!$G$2:$G$221, K$1) )*F159 -> 0 | L159: =TRIM(Tabla3[[#This Row],[CodInternoArti]]) -> 7790000000410
A160: =IF(ISNUMBER(_xlfn.XMATCH(Tabla3[[#This Row],[CodInternoArti]],'Tabla Articulos'!B:B)),"OK","NO ESTA") -> OK | B160: =IF(ISNUMBER(_xlfn.XMATCH('Calcular necesidad'!E:E,'Necesidad por familia'!A:A)),"OK","NO ESTA") -> OK | C160: 7798452810027 | D160: GUANTES LATEX M X1000U ALUMAX | E160: =_xlfn.XLOOKUP(C160,'Tabla Articulos'!B:B,'Tabla Articulos'!D:D) -> GUANTE LATEX M | F160: =_xlfn.XLOOKUP(C160,'Tabla Articulos'!B:B,'Tabla Articulos'!E:E) -> 100 | G160: =SUM( SUMIFS(MRP!$H$2:$H$221, MRP!$B$2:$B$221, $C160, MRP!$G$2:$G$221, G$1), SUMIFS(MRP!$I$2:$I$221, MRP!$B$2:$B$221, $C160, MRP!$G$2:$G$221, G$1), SUMIFS(MRP!$J$2:$J$221, MRP!$B$2:$B$221, $C160, MRP!$G$2:$G$221, G$1), SUMIFS(MRP!$K$2:$K$221, MRP!$B$2:$B$221, $C160, MRP!$G$2:$G$221, G$1), SUMIFS(MRP!$L$2:$L$221, MRP!$B$2:$B$221, $C160, MRP!$G$2:$G$221, G$1) )*F160 -> 0 | H160: =SUM( SUMIFS(MRP!$H$2:$H$221, MRP!$B$2:$B$221, $C160, MRP!$G$2:$G$221, H$1), SUMIFS(MRP!$I$2:$I$221, MRP!$B$2:$B$221, $C160, MRP!$G$2:$G$221, H$1), SUMIFS(MRP!$J$2:$J$221, MRP!$B$2:$B$221, $C160, MRP!$G$2:$G$221, H$1), SUMIFS(MRP!$K$2:$K$221, MRP!$B$2:$B$221, $C160, MRP!$G$2:$G$221, H$1), SUMIFS(MRP!$L$2:$L$221, MRP!$B$2:$B$221, $C160, MRP!$G$2:$G$221, H$1) )*F160 -> 5300 | I160: =SUM( SUMIFS(MRP!$H$2:$H$221, MRP!$B$2:$B$221, $C160, MRP!$G$2:$G$221, I$1), SUMIFS(MRP!$I$2:$I$221, MRP!$B$2:$B$221, $C160, MRP!$G$2:$G$221, I$1), SUMIFS(MRP!$J$2:$J$221, MRP!$B$2:$B$221, $C160, MRP!$G$2:$G$221, I$1), SUMIFS(MRP!$K$2:$K$221, MRP!$B$2:$B$221, $C160, MRP!$G$2:$G$221, I$1), SUMIFS(MRP!$L$2:$L$221, MRP!$B$2:$B$221, $C160, MRP!$G$2:$G$221, I$1) )*F160 -> 0 | J160: =SUM( SUMIFS(MRP!$H$2:$H$221, MRP!$B$2:$B$221, $C160, MRP!$G$2:$G$221, J$1), SUMIFS(MRP!$I$2:$I$221, MRP!$B$2:$B$221, $C160, MRP!$G$2:$G$221, J$1), SUMIFS(MRP!$J$2:$J$221, MRP!$B$2:$B$221, $C160, MRP!$G$2:$G$221, J$1), SUMIFS(MRP!$K$2:$K$221, MRP!$B$2:$B$221, $C160, MRP!$G$2:$G$221, J$1), SUMIFS(MRP!$L$2:$L$221, MRP!$B$2:$B$221, $C160, MRP!$G$2:$G$221, J$1) )*F160 -> 0 | K160: =SUM( SUMIFS(MRP!$H$2:$H$221, MRP!$B$2:$B$221, $C160, MRP!$G$2:$G$221, K$1), SUMIFS(MRP!$I$2:$I$221, MRP!$B$2:$B$221, $C160, MRP!$G$2:$G$221, K$1), SUMIFS(MRP!$J$2:$J$221, MRP!$B$2:$B$221, $C160, MRP!$G$2:$G$221, K$1), SUMIFS(MRP!$K$2:$K$221, MRP!$B$2:$B$221, $C160, MRP!$G$2:$G$221, K$1), SUMIFS(MRP!$L$2:$L$221, MRP!$B$2:$B$221, $C160, MRP!$G$2:$G$221, K$1) )*F160 -> 0 | L160: =TRIM(Tabla3[[#This Row],[CodInternoArti]]) -> 7798452810027
A161: =IF(ISNUMBER(_xlfn.XMATCH(Tabla3[[#This Row],[CodInternoArti]],'Tabla Articulos'!B:B)),"OK","NO ESTA") -> OK | B161: =IF(ISNUMBER(_xlfn.XMATCH('Calcular necesidad'!E:E,'Necesidad por familia'!A:A)),"OK","NO ESTA") -> OK | C161: 7798662008446 | D161: VASO TERMICO 240CC X100U | E161: =_xlfn.XLOOKUP(C161,'Tabla Articulos'!B:B,'Tabla Articulos'!D:D) -> VASO TERMICO 240 | F161: =_xlfn.XLOOKUP(C161,'Tabla Articulos'!B:B,'Tabla Articulos'!E:E) -> 100 | G161: =SUM( SUMIFS(MRP!$H$2:$H$221, MRP!$B$2:$B$221, $C161, MRP!$G$2:$G$221, G$1), SUMIFS(MRP!$I$2:$I$221, MRP!$B$2:$B$221, $C161, MRP!$G$2:$G$221, G$1), SUMIFS(MRP!$J$2:$J$221, MRP!$B$2:$B$221, $C161, MRP!$G$2:$G$221, G$1), SUMIFS(MRP!$K$2:$K$221, MRP!$B$2:$B$221, $C161, MRP!$G$2:$G$221, G$1), SUMIFS(MRP!$L$2:$L$221, MRP!$B$2:$B$221, $C161, MRP!$G$2:$G$221, G$1) )*F161 -> 0 | H161: =SUM( SUMIFS(MRP!$H$2:$H$221, MRP!$B$2:$B$221, $C161, MRP!$G$2:$G$221, H$1), SUMIFS(MRP!$I$2:$I$221, MRP!$B$2:$B$221, $C161, MRP!$G$2:$G$221, H$1), SUMIFS(MRP!$J$2:$J$221, MRP!$B$2:$B$221, $C161, MRP!$G$2:$G$221, H$1), SUMIFS(MRP!$K$2:$K$221, MRP!$B$2:$B$221, $C161, MRP!$G$2:$G$221, H$1), SUMIFS(MRP!$L$2:$L$221, MRP!$B$2:$B$221, $C161, MRP!$G$2:$G$221, H$1) )*F161 -> 400 | I161: =SUM( SUMIFS(MRP!$H$2:$H$221, MRP!$B$2:$B$221, $C161, MRP!$G$2:$G$221, I$1), SUMIFS(MRP!$I$2:$I$221, MRP!$B$2:$B$221, $C161, MRP!$G$2:$G$221, I$1), SUMIFS(MRP!$J$2:$J$221, MRP!$B$2:$B$221, $C161, MRP!$G$2:$G$221, I$1), SUMIFS(MRP!$K$2:$K$221, MRP!$B$2:$B$221, $C161, MRP!$G$2:$G$221, I$1), SUMIFS(MRP!$L$2:$L$221, MRP!$B$2:$B$221, $C161, MRP!$G$2:$G$221, I$1) )*F161 -> 0 | J161: =SUM( SUMIFS(MRP!$H$2:$H$221, MRP!$B$2:$B$221, $C161, MRP!$G$2:$G$221, J$1), SUMIFS(MRP!$I$2:$I$221, MRP!$B$2:$B$221, $C161, MRP!$G$2:$G$221, J$1), SUMIFS(MRP!$J$2:$J$221, MRP!$B$2:$B$221, $C161, MRP!$G$2:$G$221, J$1), SUMIFS(MRP!$K$2:$K$221, MRP!$B$2:$B$221, $C161, MRP!$G$2:$G$221, J$1), SUMIFS(MRP!$L$2:$L$221, MRP!$B$2:$B$221, $C161, MRP!$G$2:$G$221, J$1) )*F161 -> 0 | K161: =SUM( SUMIFS(MRP!$H$2:$H$221, MRP!$B$2:$B$221, $C161, MRP!$G$2:$G$221, K$1), SUMIFS(MRP!$I$2:$I$221, MRP!$B$2:$B$221, $C161, MRP!$G$2:$G$221, K$1), SUMIFS(MRP!$J$2:$J$221, MRP!$B$2:$B$221, $C161, MRP!$G$2:$G$221, K$1), SUMIFS(MRP!$K$2:$K$221, MRP!$B$2:$B$221, $C161, MRP!$G$2:$G$221, K$1), SUMIFS(MRP!$L$2:$L$221, MRP!$B$2:$B$221, $C161, MRP!$G$2:$G$221, K$1) )*F161 -> 0 | L161: =TRIM(Tabla3[[#This Row],[CodInternoArti]]) -> 7798662008446
A162: =IF(ISNUMBER(_xlfn.XMATCH(Tabla3[[#This Row],[CodInternoArti]],'Tabla Articulos'!B:B)),"OK","NO ESTA") -> OK | B162: =IF(ISNUMBER(_xlfn.XMATCH('Calcular necesidad'!E:E,'Necesidad por familia'!A:A)),"OK","NO ESTA") -> OK | C162: 7798011210077 | D162: BANDEJA 105 X100U COTNYL | E162: =_xlfn.XLOOKUP(C162,'Tabla Articulos'!B:B,'Tabla Articulos'!D:D) -> BANDEJA 105 | F162: =_xlfn.XLOOKUP(C162,'Tabla Articulos'!B:B,'Tabla Articulos'!E:E) -> 100 | G162: =SUM( SUMIFS(MRP!$H$2:$H$221, MRP!$B$2:$B$221, $C162, MRP!$G$2:$G$221, G$1), SUMIFS(MRP!$I$2:$I$221, MRP!$B$2:$B$221, $C162, MRP!$G$2:$G$221, G$1), SUMIFS(MRP!$J$2:$J$221, MRP!$B$2:$B$221, $C162, MRP!$G$2:$G$221, G$1), SUMIFS(MRP!$K$2:$K$221, MRP!$B$2:$B$221, $C162, MRP!$G$2:$G$221, G$1), SUMIFS(MRP!$L$2:$L$221, MRP!$B$2:$B$221, $C162, MRP!$G$2:$G$221, G$1) )*F162 -> 0 | H162: =SUM( SUMIFS(MRP!$H$2:$H$221, MRP!$B$2:$B$221, $C162, MRP!$G$2:$G$221, H$1), SUMIFS(MRP!$I$2:$I$221, MRP!$B$2:$B$221, $C162, MRP!$G$2:$G$221, H$1), SUMIFS(MRP!$J$2:$J$221, MRP!$B$2:$B$221, $C162, MRP!$G$2:$G$221, H$1), SUMIFS(MRP!$K$2:$K$221, MRP!$B$2:$B$221, $C162, MRP!$G$2:$G$221, H$1), SUMIFS(MRP!$L$2:$L$221, MRP!$B$2:$B$221, $C162, MRP!$G$2:$G$221, H$1) )*F162 -> 2200 | I162: =SUM( SUMIFS(MRP!$H$2:$H$221, MRP!$B$2:$B$221, $C162, MRP!$G$2:$G$221, I$1), SUMIFS(MRP!$I$2:$I$221, MRP!$B$2:$B$221, $C162, MRP!$G$2:$G$221, I$1), SUMIFS(MRP!$J$2:$J$221, MRP!$B$2:$B$221, $C162, MRP!$G$2:$G$221, I$1), SUMIFS(MRP!$K$2:$K$221, MRP!$B$2:$B$221, $C162, MRP!$G$2:$G$221, I$1), SUMIFS(MRP!$L$2:$L$221, MRP!$B$2:$B$221, $C162, MRP!$G$2:$G$221, I$1) )*F162 -> 0 | J162: =SUM( SUMIFS(MRP!$H$2:$H$221, MRP!$B$2:$B$221, $C162, MRP!$G$2:$G$221, J$1), SUMIFS(MRP!$I$2:$I$221, MRP!$B$2:$B$221, $C162, MRP!$G$2:$G$221, J$1), SUMIFS(MRP!$J$2:$J$221, MRP!$B$2:$B$221, $C162, MRP!$G$2:$G$221, J$1), SUMIFS(MRP!$K$2:$K$221, MRP!$B$2:$B$221, $C162, MRP!$G$2:$G$221, J$1), SUMIFS(MRP!$L$2:$L$221, MRP!$B$2:$B$221, $C162, MRP!$G$2:$G$221, J$1) )*F162 -> 0 | K162: =SUM( SUMIFS(MRP!$H$2:$H$221, MRP!$B$2:$B$221, $C162, MRP!$G$2:$G$221, K$1), SUMIFS(MRP!$I$2:$I$221, MRP!$B$2:$B$221, $C162, MRP!$G$2:$G$221, K$1), SUMIFS(MRP!$J$2:$J$221, MRP!$B$2:$B$221, $C162, MRP!$G$2:$G$221, K$1), SUMIFS(MRP!$K$2:$K$221, MRP!$B$2:$B$221, $C162, MRP!$G$2:$G$221, K$1), SUMIFS(MRP!$L$2:$L$221, MRP!$B$2:$B$221, $C162, MRP!$G$2:$G$221, K$1) )*F162 -> 0 | L162: =TRIM(Tabla3[[#This Row],[CodInternoArti]]) -> 7798011210077
A163: =IF(ISNUMBER(_xlfn.XMATCH(Tabla3[[#This Row],[CodInternoArti]],'Tabla Articulos'!B:B)),"OK","NO ESTA") -> OK | B163: =IF(ISNUMBER(_xlfn.XMATCH('Calcular necesidad'!E:E,'Necesidad por familia'!A:A)),"OK","NO ESTA") -> OK | C163: 7790000000498 | D163: GL_ROLLO FILM STRECH AZUL 50CM | E163: =_xlfn.XLOOKUP(C163,'Tabla Articulos'!B:B,'Tabla Articulos'!D:D) -> FILM COLOR AZUL | F163: =_xlfn.XLOOKUP(C163,'Tabla Articulos'!B:B,'Tabla Articulos'!E:E) -> 1 | G163: =SUM( SUMIFS(MRP!$H$2:$H$221, MRP!$B$2:$B$221, $C163, MRP!$G$2:$G$221, G$1), SUMIFS(MRP!$I$2:$I$221, MRP!$B$2:$B$221, $C163, MRP!$G$2:$G$221, G$1), SUMIFS(MRP!$J$2:$J$221, MRP!$B$2:$B$221, $C163, MRP!$G$2:$G$221, G$1), SUMIFS(MRP!$K$2:$K$221, MRP!$B$2:$B$221, $C163, MRP!$G$2:$G$221, G$1), SUMIFS(MRP!$L$2:$L$221, MRP!$B$2:$B$221, $C163, MRP!$G$2:$G$221, G$1) )*F163 -> 0 | H163: =SUM( SUMIFS(MRP!$H$2:$H$221, MRP!$B$2:$B$221, $C163, MRP!$G$2:$G$221, H$1), SUMIFS(MRP!$I$2:$I$221, MRP!$B$2:$B$221, $C163, MRP!$G$2:$G$221, H$1), SUMIFS(MRP!$J$2:$J$221, MRP!$B$2:$B$221, $C163, MRP!$G$2:$G$221, H$1), SUMIFS(MRP!$K$2:$K$221, MRP!$B$2:$B$221, $C163, MRP!$G$2:$G$221, H$1), SUMIFS(MRP!$L$2:$L$221, MRP!$B$2:$B$221, $C163, MRP!$G$2:$G$221, H$1) )*F163 -> 0 | I163: =SUM( SUMIFS(MRP!$H$2:$H$221, MRP!$B$2:$B$221, $C163, MRP!$G$2:$G$221, I$1), SUMIFS(MRP!$I$2:$I$221, MRP!$B$2:$B$221, $C163, MRP!$G$2:$G$221, I$1), SUMIFS(MRP!$J$2:$J$221, MRP!$B$2:$B$221, $C163, MRP!$G$2:$G$221, I$1), SUMIFS(MRP!$K$2:$K$221, MRP!$B$2:$B$221, $C163, MRP!$G$2:$G$221, I$1), SUMIFS(MRP!$L$2:$L$221, MRP!$B$2:$B$221, $C163, MRP!$G$2:$G$221, I$1) )*F163 -> 0 | J163: =SUM( SUMIFS(MRP!$H$2:$H$221, MRP!$B$2:$B$221, $C163, MRP!$G$2:$G$221, J$1), SUMIFS(MRP!$I$2:$I$221, MRP!$B$2:$B$221, $C163, MRP!$G$2:$G$221, J$1), SUMIFS(MRP!$J$2:$J$221, MRP!$B$2:$B$221, $C163, MRP!$G$2:$G$221, J$1), SUMIFS(MRP!$K$2:$K$221, MRP!$B$2:$B$221, $C163, MRP!$G$2:$G$221, J$1), SUMIFS(MRP!$L$2:$L$221, MRP!$B$2:$B$221, $C163, MRP!$G$2:$G$221, J$1) )*F163 -> 0 | K163: =SUM( SUMIFS(MRP!$H$2:$H$221, MRP!$B$2:$B$221, $C163, MRP!$G$2:$G$221, K$1), SUMIFS(MRP!$I$2:$I$221, MRP!$B$2:$B$221, $C163, MRP!$G$2:$G$221, K$1), SUMIFS(MRP!$J$2:$J$221, MRP!$B$2:$B$221, $C163, MRP!$G$2:$G$221, K$1), SUMIFS(MRP!$K$2:$K$221, MRP!$B$2:$B$221, $C163, MRP!$G$2:$G$221, K$1), SUMIFS(MRP!$L$2:$L$221, MRP!$B$2:$B$221, $C163, MRP!$G$2:$G$221, K$1) )*F163 -> 0 | L163: =TRIM(Tabla3[[#This Row],[CodInternoArti]]) -> 7790000000498
A164: =IF(ISNUMBER(_xlfn.XMATCH(Tabla3[[#This Row],[CodInternoArti]],'Tabla Articulos'!B:B)),"OK","NO ESTA") -> OK | B164: =IF(ISNUMBER(_xlfn.XMATCH('Calcular necesidad'!E:E,'Necesidad por familia'!A:A)),"OK","NO ESTA") -> OK | C164: 7798452810034 | D164: GUANTES LATEX L X100U ALUMAX | E164: =_xlfn.XLOOKUP(C164,'Tabla Articulos'!B:B,'Tabla Articulos'!D:D) -> GUANTE LATEX L | F164: =_xlfn.XLOOKUP(C164,'Tabla Articulos'!B:B,'Tabla Articulos'!E:E) -> 100 | G164: =SUM( SUMIFS(MRP!$H$2:$H$221, MRP!$B$2:$B$221, $C164, MRP!$G$2:$G$221, G$1), SUMIFS(MRP!$I$2:$I$221, MRP!$B$2:$B$221, $C164, MRP!$G$2:$G$221, G$1), SUMIFS(MRP!$J$2:$J$221, MRP!$B$2:$B$221, $C164, MRP!$G$2:$G$221, G$1), SUMIFS(MRP!$K$2:$K$221, MRP!$B$2:$B$221, $C164, MRP!$G$2:$G$221, G$1), SUMIFS(MRP!$L$2:$L$221, MRP!$B$2:$B$221, $C164, MRP!$G$2:$G$221, G$1) )*F164 -> 0 | H164: =SUM( SUMIFS(MRP!$H$2:$H$221, MRP!$B$2:$B$221, $C164, MRP!$G$2:$G$221, H$1), SUMIFS(MRP!$I$2:$I$221, MRP!$B$2:$B$221, $C164, MRP!$G$2:$G$221, H$1), SUMIFS(MRP!$J$2:$J$221, MRP!$B$2:$B$221, $C164, MRP!$G$2:$G$221, H$1), SUMIFS(MRP!$K$2:$K$221, MRP!$B$2:$B$221, $C164, MRP!$G$2:$G$221, H$1), SUMIFS(MRP!$L$2:$L$221, MRP!$B$2:$B$221, $C164, MRP!$G$2:$G$221, H$1) )*F164 -> 1000 | I164: =SUM( SUMIFS(MRP!$H$2:$H$221, MRP!$B$2:$B$221, $C164, MRP!$G$2:$G$221, I$1), SUMIFS(MRP!$I$2:$I$221, MRP!$B$2:$B$221, $C164, MRP!$G$2:$G$221, I$1), SUMIFS(MRP!$J$2:$J$221, MRP!$B$2:$B$221, $C164, MRP!$G$2:$G$221, I$1), SUMIFS(MRP!$K$2:$K$221, MRP!$B$2:$B$221, $C164, MRP!$G$2:$G$221, I$1), SUMIFS(MRP!$L$2:$L$221, MRP!$B$2:$B$221, $C164, MRP!$G$2:$G$221, I$1) )*F164 -> 0 | J164: =SUM( SUMIFS(MRP!$H$2:$H$221, MRP!$B$2:$B$221, $C164, MRP!$G$2:$G$221, J$1), SUMIFS(MRP!$I$2:$I$221, MRP!$B$2:$B$221, $C164, MRP!$G$2:$G$221, J$1), SUMIFS(MRP!$J$2:$J$221, MRP!$B$2:$B$221, $C164, MRP!$G$2:$G$221, J$1), SUMIFS(MRP!$K$2:$K$221, MRP!$B$2:$B$221, $C164, MRP!$G$2:$G$221, J$1), SUMIFS(MRP!$L$2:$L$221, MRP!$B$2:$B$221, $C164, MRP!$G$2:$G$221, J$1) )*F164 -> 0 | K164: =SUM( SUMIFS(MRP!$H$2:$H$221, MRP!$B$2:$B$221, $C164, MRP!$G$2:$G$221, K$1), SUMIFS(MRP!$I$2:$I$221, MRP!$B$2:$B$221, $C164, MRP!$G$2:$G$221, K$1), SUMIFS(MRP!$J$2:$J$221, MRP!$B$2:$B$221, $C164, MRP!$G$2:$G$221, K$1), SUMIFS(MRP!$K$2:$K$221, MRP!$B$2:$B$221, $C164, MRP!$G$2:$G$221, K$1), SUMIFS(MRP!$L$2:$L$221, MRP!$B$2:$B$221, $C164, MRP!$G$2:$G$221, K$1) )*F164 -> 0 | L164: =TRIM(Tabla3[[#This Row],[CodInternoArti]]) -> 7798452810034
A165: =IF(ISNUMBER(_xlfn.XMATCH(Tabla3[[#This Row],[CodInternoArti]],'Tabla Articulos'!B:B)),"OK","NO ESTA") -> OK | B165: =IF(ISNUMBER(_xlfn.XMATCH('Calcular necesidad'!E:E,'Necesidad por familia'!A:A)),"OK","NO ESTA") -> OK | C165: 7798452810027 | D165: GUANTES LATEX M X100U ALUMAX | E165: =_xlfn.XLOOKUP(C165,'Tabla Articulos'!B:B,'Tabla Articulos'!D:D) -> GUANTE LATEX M | F165: =_xlfn.XLOOKUP(C165,'Tabla Articulos'!B:B,'Tabla Articulos'!E:E) -> 100 | G165: =SUM( SUMIFS(MRP!$H$2:$H$221, MRP!$B$2:$B$221, $C165, MRP!$G$2:$G$221, G$1), SUMIFS(MRP!$I$2:$I$221, MRP!$B$2:$B$221, $C165, MRP!$G$2:$G$221, G$1), SUMIFS(MRP!$J$2:$J$221, MRP!$B$2:$B$221, $C165, MRP!$G$2:$G$221, G$1), SUMIFS(MRP!$K$2:$K$221, MRP!$B$2:$B$221, $C165, MRP!$G$2:$G$221, G$1), SUMIFS(MRP!$L$2:$L$221, MRP!$B$2:$B$221, $C165, MRP!$G$2:$G$221, G$1) )*F165 -> 0 | H165: =SUM( SUMIFS(MRP!$H$2:$H$221, MRP!$B$2:$B$221, $C165, MRP!$G$2:$G$221, H$1), SUMIFS(MRP!$I$2:$I$221, MRP!$B$2:$B$221, $C165, MRP!$G$2:$G$221, H$1), SUMIFS(MRP!$J$2:$J$221, MRP!$B$2:$B$221, $C165, MRP!$G$2:$G$221, H$1), SUMIFS(MRP!$K$2:$K$221, MRP!$B$2:$B$221, $C165, MRP!$G$2:$G$221, H$1), SUMIFS(MRP!$L$2:$L$221, MRP!$B$2:$B$221, $C165, MRP!$G$2:$G$221, H$1) )*F165 -> 0 | I165: =SUM( SUMIFS(MRP!$H$2:$H$221, MRP!$B$2:$B$221, $C165, MRP!$G$2:$G$221, I$1), SUMIFS(MRP!$I$2:$I$221, MRP!$B$2:$B$221, $C165, MRP!$G$2:$G$221, I$1), SUMIFS(MRP!$J$2:$J$221, MRP!$B$2:$B$221, $C165, MRP!$G$2:$G$221, I$1), SUMIFS(MRP!$K$2:$K$221, MRP!$B$2:$B$221, $C165, MRP!$G$2:$G$221, I$1), SUMIFS(MRP!$L$2:$L$221, MRP!$B$2:$B$221, $C165, MRP!$G$2:$G$221, I$1) )*F165 -> 0 | J165: =SUM( SUMIFS(MRP!$H$2:$H$221, MRP!$B$2:$B$221, $C165, MRP!$G$2:$G$221, J$1), SUMIFS(MRP!$I$2:$I$221, MRP!$B$2:$B$221, $C165, MRP!$G$2:$G$221, J$1), SUMIFS(MRP!$J$2:$J$221, MRP!$B$2:$B$221, $C165, MRP!$G$2:$G$221, J$1), SUMIFS(MRP!$K$2:$K$221, MRP!$B$2:$B$221, $C165, MRP!$G$2:$G$221, J$1), SUMIFS(MRP!$L$2:$L$221, MRP!$B$2:$B$221, $C165, MRP!$G$2:$G$221, J$1) )*F165 -> 0 | K165: =SUM( SUMIFS(MRP!$H$2:$H$221, MRP!$B$2:$B$221, $C165, MRP!$G$2:$G$221, K$1), SUMIFS(MRP!$I$2:$I$221, MRP!$B$2:$B$221, $C165, MRP!$G$2:$G$221, K$1), SUMIFS(MRP!$J$2:$J$221, MRP!$B$2:$B$221, $C165, MRP!$G$2:$G$221, K$1), SUMIFS(MRP!$K$2:$K$221, MRP!$B$2:$B$221, $C165, MRP!$G$2:$G$221, K$1), SUMIFS(MRP!$L$2:$L$221, MRP!$B$2:$B$221, $C165, MRP!$G$2:$G$221, K$1) )*F165 -> 0 | L165: =TRIM(Tabla3[[#This Row],[CodInternoArti]]) -> 7798452810027
A166: =IF(ISNUMBER(_xlfn.XMATCH(Tabla3[[#This Row],[CodInternoArti]],'Tabla Articulos'!B:B)),"OK","NO ESTA") -> OK | B166: =IF(ISNUMBER(_xlfn.XMATCH('Calcular necesidad'!E:E,'Necesidad por familia'!A:A)),"OK","NO ESTA") -> OK | C166: 7790000000472 | D166: GL_VASO TERM 240CCX1000UN ETISOL | E166: =_xlfn.XLOOKUP(C166,'Tabla Articulos'!B:B,'Tabla Articulos'!D:D) -> VASO TERMICO 240 | F166: =_xlfn.XLOOKUP(C166,'Tabla Articulos'!B:B,'Tabla Articulos'!E:E) -> 1000 | G166: =SUM( SUMIFS(MRP!$H$2:$H$221, MRP!$B$2:$B$221, $C166, MRP!$G$2:$G$221, G$1), SUMIFS(MRP!$I$2:$I$221, MRP!$B$2:$B$221, $C166, MRP!$G$2:$G$221, G$1), SUMIFS(MRP!$J$2:$J$221, MRP!$B$2:$B$221, $C166, MRP!$G$2:$G$221, G$1), SUMIFS(MRP!$K$2:$K$221, MRP!$B$2:$B$221, $C166, MRP!$G$2:$G$221, G$1), SUMIFS(MRP!$L$2:$L$221, MRP!$B$2:$B$221, $C166, MRP!$G$2:$G$221, G$1) )*F166 -> 0 | H166: =SUM( SUMIFS(MRP!$H$2:$H$221, MRP!$B$2:$B$221, $C166, MRP!$G$2:$G$221, H$1), SUMIFS(MRP!$I$2:$I$221, MRP!$B$2:$B$221, $C166, MRP!$G$2:$G$221, H$1), SUMIFS(MRP!$J$2:$J$221, MRP!$B$2:$B$221, $C166, MRP!$G$2:$G$221, H$1), SUMIFS(MRP!$K$2:$K$221, MRP!$B$2:$B$221, $C166, MRP!$G$2:$G$221, H$1), SUMIFS(MRP!$L$2:$L$221, MRP!$B$2:$B$221, $C166, MRP!$G$2:$G$221, H$1) )*F166 -> 0 | I166: =SUM( SUMIFS(MRP!$H$2:$H$221, MRP!$B$2:$B$221, $C166, MRP!$G$2:$G$221, I$1), SUMIFS(MRP!$I$2:$I$221, MRP!$B$2:$B$221, $C166, MRP!$G$2:$G$221, I$1), SUMIFS(MRP!$J$2:$J$221, MRP!$B$2:$B$221, $C166, MRP!$G$2:$G$221, I$1), SUMIFS(MRP!$K$2:$K$221, MRP!$B$2:$B$221, $C166, MRP!$G$2:$G$221, I$1), SUMIFS(MRP!$L$2:$L$221, MRP!$B$2:$B$221, $C166, MRP!$G$2:$G$221, I$1) )*F166 -> 0 | J166: =SUM( SUMIFS(MRP!$H$2:$H$221, MRP!$B$2:$B$221, $C166, MRP!$G$2:$G$221, J$1), SUMIFS(MRP!$I$2:$I$221, MRP!$B$2:$B$221, $C166, MRP!$G$2:$G$221, J$1), SUMIFS(MRP!$J$2:$J$221, MRP!$B$2:$B$221, $C166, MRP!$G$2:$G$221, J$1), SUMIFS(MRP!$K$2:$K$221, MRP!$B$2:$B$221, $C166, MRP!$G$2:$G$221, J$1), SUMIFS(MRP!$L$2:$L$221, MRP!$B$2:$B$221, $C166, MRP!$G$2:$G$221, J$1) )*F166 -> 0 | K166: =SUM( SUMIFS(MRP!$H$2:$H$221, MRP!$B$2:$B$221, $C166, MRP!$G$2:$G$221, K$1), SUMIFS(MRP!$I$2:$I$221, MRP!$B$2:$B$221, $C166, MRP!$G$2:$G$221, K$1), SUMIFS(MRP!$J$2:$J$221, MRP!$B$2:$B$221, $C166, MRP!$G$2:$G$221, K$1), SUMIFS(MRP!$K$2:$K$221, MRP!$B$2:$B$221, $C166, MRP!$G$2:$G$221, K$1), SUMIFS(MRP!$L$2:$L$221, MRP!$B$2:$B$221, $C166, MRP!$G$2:$G$221, K$1) )*F166 -> 0 | L166: =TRIM(Tabla3[[#This Row],[CodInternoArti]]) -> 7790000000472
A167: =IF(ISNUMBER(_xlfn.XMATCH(Tabla3[[#This Row],[CodInternoArti]],'Tabla Articulos'!B:B)),"OK","NO ESTA") -> OK | B167: =IF(ISNUMBER(_xlfn.XMATCH('Calcular necesidad'!E:E,'Necesidad por familia'!A:A)),"OK","NO ESTA") -> OK | C167: LIM000225 | D167: BOLSA MICROPERFORADA 60x90 x U | E167: =_xlfn.XLOOKUP(C167,'Tabla Articulos'!B:B,'Tabla Articulos'!D:D) -> BOLSA MICROPERFORADA 60X90 | F167: =_xlfn.XLOOKUP(C167,'Tabla Articulos'!B:B,'Tabla Articulos'!E:E) -> 1 | G167: =SUM( SUMIFS(MRP!$H$2:$H$221, MRP!$B$2:$B$221, $C167, MRP!$G$2:$G$221, G$1), SUMIFS(MRP!$I$2:$I$221, MRP!$B$2:$B$221, $C167, MRP!$G$2:$G$221, G$1), SUMIFS(MRP!$J$2:$J$221, MRP!$B$2:$B$221, $C167, MRP!$G$2:$G$221, G$1), SUMIFS(MRP!$K$2:$K$221, MRP!$B$2:$B$221, $C167, MRP!$G$2:$G$221, G$1), SUMIFS(MRP!$L$2:$L$221, MRP!$B$2:$B$221, $C167, MRP!$G$2:$G$221, G$1) )*F167 -> 0 | H167: =SUM( SUMIFS(MRP!$H$2:$H$221, MRP!$B$2:$B$221, $C167, MRP!$G$2:$G$221, H$1), SUMIFS(MRP!$I$2:$I$221, MRP!$B$2:$B$221, $C167, MRP!$G$2:$G$221, H$1), SUMIFS(MRP!$J$2:$J$221, MRP!$B$2:$B$221, $C167, MRP!$G$2:$G$221, H$1), SUMIFS(MRP!$K$2:$K$221, MRP!$B$2:$B$221, $C167, MRP!$G$2:$G$221, H$1), SUMIFS(MRP!$L$2:$L$221, MRP!$B$2:$B$221, $C167, MRP!$G$2:$G$221, H$1) )*F167 -> 0 | I167: =SUM( SUMIFS(MRP!$H$2:$H$221, MRP!$B$2:$B$221, $C167, MRP!$G$2:$G$221, I$1), SUMIFS(MRP!$I$2:$I$221, MRP!$B$2:$B$221, $C167, MRP!$G$2:$G$221, I$1), SUMIFS(MRP!$J$2:$J$221, MRP!$B$2:$B$221, $C167, MRP!$G$2:$G$221, I$1), SUMIFS(MRP!$K$2:$K$221, MRP!$B$2:$B$221, $C167, MRP!$G$2:$G$221, I$1), SUMIFS(MRP!$L$2:$L$221, MRP!$B$2:$B$221, $C167, MRP!$G$2:$G$221, I$1) )*F167 -> 0 | J167: =SUM( SUMIFS(MRP!$H$2:$H$221, MRP!$B$2:$B$221, $C167, MRP!$G$2:$G$221, J$1), SUMIFS(MRP!$I$2:$I$221, MRP!$B$2:$B$221, $C167, MRP!$G$2:$G$221, J$1), SUMIFS(MRP!$J$2:$J$221, MRP!$B$2:$B$221, $C167, MRP!$G$2:$G$221, J$1), SUMIFS(MRP!$K$2:$K$221, MRP!$B$2:$B$221, $C167, MRP!$G$2:$G$221, J$1), SUMIFS(MRP!$L$2:$L$221, MRP!$B$2:$B$221, $C167, MRP!$G$2:$G$221, J$1) )*F167 -> 0 | K167: =SUM( SUMIFS(MRP!$H$2:$H$221, MRP!$B$2:$B$221, $C167, MRP!$G$2:$G$221, K$1), SUMIFS(MRP!$I$2:$I$221, MRP!$B$2:$B$221, $C167, MRP!$G$2:$G$221, K$1), SUMIFS(MRP!$J$2:$J$221, MRP!$B$2:$B$221, $C167, MRP!$G$2:$G$221, K$1), SUMIFS(MRP!$K$2:$K$221, MRP!$B$2:$B$221, $C167, MRP!$G$2:$G$221, K$1), SUMIFS(MRP!$L$2:$L$221, MRP!$B$2:$B$221, $C167, MRP!$G$2:$G$221, K$1) )*F167 -> 0 | L167: =TRIM(Tabla3[[#This Row],[CodInternoArti]]) -> LIM000225
... A206: =IF(ISNUMBER(_xlfn.XMATCH(Tabla3[[#This Row],[CodInternoArti]],'Tabla Articulos'!B:B)),"OK","NO ESTA") -> OK | B206: =IF(ISNUMBER(_xlfn.XMATCH('Calcular necesidad'!E:E,'Necesidad por familia'!A:A)),"OK","NO ESTA") -> OK | C206: 7790321020046 | D206: BANDEJA 105 C/ BISAGRA x 50 U | E206: =_xlfn.XLOOKUP(C206,'Tabla Articulos'!B:B,'Tabla Articulos'!D:D) -> BANDEJA 105 C/ BISAGRA | F206: =_xlfn.XLOOKUP(C206,'Tabla Articulos'!B:B,'Tabla Articulos'!E:E) -> 50 | G206: =SUM( SUMIFS(MRP!$H$2:$H$221, MRP!$B$2:$B$221, $C206, MRP!$G$2:$G$221, G$1), SUMIFS(MRP!$I$2:$I$221, MRP!$B$2:$B$221, $C206, MRP!$G$2:$G$221, G$1), SUMIFS(MRP!$J$2:$J$221, MRP!$B$2:$B$221, $C206, MRP!$G$2:$G$221, G$1), SUMIFS(MRP!$K$2:$K$221, MRP!$B$2:$B$221, $C206, MRP!$G$2:$G$221, G$1), SUMIFS(MRP!$L$2:$L$221, MRP!$B$2:$B$221, $C206, MRP!$G$2:$G$221, G$1) )*F206 -> 0 | H206: =SUM( SUMIFS(MRP!$H$2:$H$221, MRP!$B$2:$B$221, $C206, MRP!$G$2:$G$221, H$1), SUMIFS(MRP!$I$2:$I$221, MRP!$B$2:$B$221, $C206, MRP!$G$2:$G$221, H$1), SUMIFS(MRP!$J$2:$J$221, MRP!$B$2:$B$221, $C206, MRP!$G$2:$G$221, H$1), SUMIFS(MRP!$K$2:$K$221, MRP!$B$2:$B$221, $C206, MRP!$G$2:$G$221, H$1), SUMIFS(MRP!$L$2:$L$221, MRP!$B$2:$B$221, $C206, MRP!$G$2:$G$221, H$1) )*F206 -> 0 | I206: =SUM( SUMIFS(MRP!$H$2:$H$221, MRP!$B$2:$B$221, $C206, MRP!$G$2:$G$221, I$1), SUMIFS(MRP!$I$2:$I$221, MRP!$B$2:$B$221, $C206, MRP!$G$2:$G$221, I$1), SUMIFS(MRP!$J$2:$J$221, MRP!$B$2:$B$221, $C206, MRP!$G$2:$G$221, I$1), SUMIFS(MRP!$K$2:$K$221, MRP!$B$2:$B$221, $C206, MRP!$G$2:$G$221, I$1), SUMIFS(MRP!$L$2:$L$221, MRP!$B$2:$B$221, $C206, MRP!$G$2:$G$221, I$1) )*F206 -> 0 | J206: =SUM( SUMIFS(MRP!$H$2:$H$221, MRP!$B$2:$B$221, $C206, MRP!$G$2:$G$221, J$1), SUMIFS(MRP!$I$2:$I$221, MRP!$B$2:$B$221, $C206, MRP!$G$2:$G$221, J$1), SUMIFS(MRP!$J$2:$J$221, MRP!$B$2:$B$221, $C206, MRP!$G$2:$G$221, J$1), SUMIFS(MRP!$K$2:$K$221, MRP!$B$2:$B$221, $C206, MRP!$G$2:$G$221, J$1), SUMIFS(MRP!$L$2:$L$221, MRP!$B$2:$B$221, $C206, MRP!$G$2:$G$221, J$1) )*F206 -> 0 | K206: =SUM( SUMIFS(MRP!$H$2:$H$221, MRP!$B$2:$B$221, $C206, MRP!$G$2:$G$221, K$1), SUMIFS(MRP!$I$2:$I$221, MRP!$B$2:$B$221, $C206, MRP!$G$2:$G$221, K$1), SUMIFS(MRP!$J$2:$J$221, MRP!$B$2:$B$221, $C206, MRP!$G$2:$G$221, K$1), SUMIFS(MRP!$K$2:$K$221, MRP!$B$2:$B$221, $C206, MRP!$G$2:$G$221, K$1), SUMIFS(MRP!$L$2:$L$221, MRP!$B$2:$B$221, $C206, MRP!$G$2:$G$221, K$1) )*F206 -> 0 | L206: =TRIM(Tabla3[[#This Row],[CodInternoArti]]) -> 7790321020046
A207: =IF(ISNUMBER(_xlfn.XMATCH(Tabla3[[#This Row],[CodInternoArti]],'Tabla Articulos'!B:B)),"OK","NO ESTA") -> OK | B207: =IF(ISNUMBER(_xlfn.XMATCH('Calcular necesidad'!E:E,'Necesidad por familia'!A:A)),"OK","NO ESTA") -> OK | C207: 7794459003554 | D207: GL ROLLO ARRANQUE 60x90 X4U 2000GR | E207: =_xlfn.XLOOKUP(C207,'Tabla Articulos'!B:B,'Tabla Articulos'!D:D) -> ARRANQUE 60X90 | F207: =_xlfn.XLOOKUP(C207,'Tabla Articulos'!B:B,'Tabla Articulos'!E:E) -> 4 | G207: =SUM( SUMIFS(MRP!$H$2:$H$221, MRP!$B$2:$B$221, $C207, MRP!$G$2:$G$221, G$1), SUMIFS(MRP!$I$2:$I$221, MRP!$B$2:$B$221, $C207, MRP!$G$2:$G$221, G$1), SUMIFS(MRP!$J$2:$J$221, MRP!$B$2:$B$221, $C207, MRP!$G$2:$G$221, G$1), SUMIFS(MRP!$K$2:$K$221, MRP!$B$2:$B$221, $C207, MRP!$G$2:$G$221, G$1), SUMIFS(MRP!$L$2:$L$221, MRP!$B$2:$B$221, $C207, MRP!$G$2:$G$221, G$1) )*F207 -> 0 | H207: =SUM( SUMIFS(MRP!$H$2:$H$221, MRP!$B$2:$B$221, $C207, MRP!$G$2:$G$221, H$1), SUMIFS(MRP!$I$2:$I$221, MRP!$B$2:$B$221, $C207, MRP!$G$2:$G$221, H$1), SUMIFS(MRP!$J$2:$J$221, MRP!$B$2:$B$221, $C207, MRP!$G$2:$G$221, H$1), SUMIFS(MRP!$K$2:$K$221, MRP!$B$2:$B$221, $C207, MRP!$G$2:$G$221, H$1), SUMIFS(MRP!$L$2:$L$221, MRP!$B$2:$B$221, $C207, MRP!$G$2:$G$221, H$1) )*F207 -> 92 | I207: =SUM( SUMIFS(MRP!$H$2:$H$221, MRP!$B$2:$B$221, $C207, MRP!$G$2:$G$221, I$1), SUMIFS(MRP!$I$2:$I$221, MRP!$B$2:$B$221, $C207, MRP!$G$2:$G$221, I$1), SUMIFS(MRP!$J$2:$J$221, MRP!$B$2:$B$221, $C207, MRP!$G$2:$G$221, I$1), SUMIFS(MRP!$K$2:$K$221, MRP!$B$2:$B$221, $C207, MRP!$G$2:$G$221, I$1), SUMIFS(MRP!$L$2:$L$221, MRP!$B$2:$B$221, $C207, MRP!$G$2:$G$221, I$1) )*F207 -> 0 | J207: =SUM( SUMIFS(MRP!$H$2:$H$221, MRP!$B$2:$B$221, $C207, MRP!$G$2:$G$221, J$1), SUMIFS(MRP!$I$2:$I$221, MRP!$B$2:$B$221, $C207, MRP!$G$2:$G$221, J$1), SUMIFS(MRP!$J$2:$J$221, MRP!$B$2:$B$221, $C207, MRP!$G$2:$G$221, J$1), SUMIFS(MRP!$K$2:$K$221, MRP!$B$2:$B$221, $C207, MRP!$G$2:$G$221, J$1), SUMIFS(MRP!$L$2:$L$221, MRP!$B$2:$B$221, $C207, MRP!$G$2:$G$221, J$1) )*F207 -> 0 | K207: =SUM( SUMIFS(MRP!$H$2:$H$221, MRP!$B$2:$B$221, $C207, MRP!$G$2:$G$221, K$1), SUMIFS(MRP!$I$2:$I$221, MRP!$B$2:$B$221, $C207, MRP!$G$2:$G$221, K$1), SUMIFS(MRP!$J$2:$J$221, MRP!$B$2:$B$221, $C207, MRP!$G$2:$G$221, K$1), SUMIFS(MRP!$K$2:$K$221, MRP!$B$2:$B$221, $C207, MRP!$G$2:$G$221, K$1), SUMIFS(MRP!$L$2:$L$221, MRP!$B$2:$B$221, $C207, MRP!$G$2:$G$221, K$1) )*F207 -> 0 | L207: =TRIM(Tabla3[[#This Row],[CodInternoArti]]) -> 7794459003554
A208: =IF(ISNUMBER(_xlfn.XMATCH(Tabla3[[#This Row],[CodInternoArti]],'Tabla Articulos'!B:B)),"OK","NO ESTA") -> OK | B208: =IF(ISNUMBER(_xlfn.XMATCH('Calcular necesidad'!E:E,'Necesidad por familia'!A:A)),"OK","NO ESTA") -> OK | C208: 7794459003516 | D208: GL ROLLO ARRANQUE 20x30 X6U 500GR | E208: =_xlfn.XLOOKUP(C208,'Tabla Articulos'!B:B,'Tabla Articulos'!D:D) -> ARRANQUE 20X30 | F208: =_xlfn.XLOOKUP(C208,'Tabla Articulos'!B:B,'Tabla Articulos'!E:E) -> 6 | G208: =SUM( SUMIFS(MRP!$H$2:$H$221, MRP!$B$2:$B$221, $C208, MRP!$G$2:$G$221, G$1), SUMIFS(MRP!$I$2:$I$221, MRP!$B$2:$B$221, $C208, MRP!$G$2:$G$221, G$1), SUMIFS(MRP!$J$2:$J$221, MRP!$B$2:$B$221, $C208, MRP!$G$2:$G$221, G$1), SUMIFS(MRP!$K$2:$K$221, MRP!$B$2:$B$221, $C208, MRP!$G$2:$G$221, G$1), SUMIFS(MRP!$L$2:$L$221, MRP!$B$2:$B$221, $C208, MRP!$G$2:$G$221, G$1) )*F208 -> 0 | H208: =SUM( SUMIFS(MRP!$H$2:$H$221, MRP!$B$2:$B$221, $C208, MRP!$G$2:$G$221, H$1), SUMIFS(MRP!$I$2:$I$221, MRP!$B$2:$B$221, $C208, MRP!$G$2:$G$221, H$1), SUMIFS(MRP!$J$2:$J$221, MRP!$B$2:$B$221, $C208, MRP!$G$2:$G$221, H$1), SUMIFS(MRP!$K$2:$K$221, MRP!$B$2:$B$221, $C208, MRP!$G$2:$G$221, H$1), SUMIFS(MRP!$L$2:$L$221, MRP!$B$2:$B$221, $C208, MRP!$G$2:$G$221, H$1) )*F208 -> 54 | I208: =SUM( SUMIFS(MRP!$H$2:$H$221, MRP!$B$2:$B$221, $C208, MRP!$G$2:$G$221, I$1), SUMIFS(MRP!$I$2:$I$221, MRP!$B$2:$B$221, $C208, MRP!$G$2:$G$221, I$1), SUMIFS(MRP!$J$2:$J$221, MRP!$B$2:$B$221, $C208, MRP!$G$2:$G$221, I$1), SUMIFS(MRP!$K$2:$K$221, MRP!$B$2:$B$221, $C208, MRP!$G$2:$G$221, I$1), SUMIFS(MRP!$L$2:$L$221, MRP!$B$2:$B$221, $C208, MRP!$G$2:$G$221, I$1) )*F208 -> 0 | J208: =SUM( SUMIFS(MRP!$H$2:$H$221, MRP!$B$2:$B$221, $C208, MRP!$G$2:$G$221, J$1), SUMIFS(MRP!$I$2:$I$221, MRP!$B$2:$B$221, $C208, MRP!$G$2:$G$221, J$1), SUMIFS(MRP!$J$2:$J$221, MRP!$B$2:$B$221, $C208, MRP!$G$2:$G$221, J$1), SUMIFS(MRP!$K$2:$K$221, MRP!$B$2:$B$221, $C208, MRP!$G$2:$G$221, J$1), SUMIFS(MRP!$L$2:$L$221, MRP!$B$2:$B$221, $C208, MRP!$G$2:$G$221, J$1) )*F208 -> 0 | K208: =SUM( SUMIFS(MRP!$H$2:$H$221, MRP!$B$2:$B$221, $C208, MRP!$G$2:$G$221, K$1), SUMIFS(MRP!$I$2:$I$221, MRP!$B$2:$B$221, $C208, MRP!$G$2:$G$221, K$1), SUMIFS(MRP!$J$2:$J$221, MRP!$B$2:$B$221, $C208, MRP!$G$2:$G$221, K$1), SUMIFS(MRP!$K$2:$K$221, MRP!$B$2:$B$221, $C208, MRP!$G$2:$G$221, K$1), SUMIFS(MRP!$L$2:$L$221, MRP!$B$2:$B$221, $C208, MRP!$G$2:$G$221, K$1) )*F208 -> 0 | L208: =TRIM(Tabla3[[#This Row],[CodInternoArti]]) -> 7794459003516
A209: =IF(ISNUMBER(_xlfn.XMATCH(Tabla3[[#This Row],[CodInternoArti]],'Tabla Articulos'!B:B)),"OK","NO ESTA") -> OK | B209: =IF(ISNUMBER(_xlfn.XMATCH('Calcular necesidad'!E:E,'Necesidad por familia'!A:A)),"OK","NO ESTA") -> OK | C209: 7790000000768 | D209: FILM 38CM 500M DISPAFILM | E209: =_xlfn.XLOOKUP(C209,'Tabla Articulos'!B:B,'Tabla Articulos'!D:D) -> FILM PVC 38 | F209: =_xlfn.XLOOKUP(C209,'Tabla Articulos'!B:B,'Tabla Articulos'!E:E) -> 1 | G209: =SUM( SUMIFS(MRP!$H$2:$H$221, MRP!$B$2:$B$221, $C209, MRP!$G$2:$G$221, G$1), SUMIFS(MRP!$I$2:$I$221, MRP!$B$2:$B$221, $C209, MRP!$G$2:$G$221, G$1), SUMIFS(MRP!$J$2:$J$221, MRP!$B$2:$B$221, $C209, MRP!$G$2:$G$221, G$1), SUMIFS(MRP!$K$2:$K$221, MRP!$B$2:$B$221, $C209, MRP!$G$2:$G$221, G$1), SUMIFS(MRP!$L$2:$L$221, MRP!$B$2:$B$221, $C209, MRP!$G$2:$G$221, G$1) )*F209 -> 0 | H209: =SUM( SUMIFS(MRP!$H$2:$H$221, MRP!$B$2:$B$221, $C209, MRP!$G$2:$G$221, H$1), SUMIFS(MRP!$I$2:$I$221, MRP!$B$2:$B$221, $C209, MRP!$G$2:$G$221, H$1), SUMIFS(MRP!$J$2:$J$221, MRP!$B$2:$B$221, $C209, MRP!$G$2:$G$221, H$1), SUMIFS(MRP!$K$2:$K$221, MRP!$B$2:$B$221, $C209, MRP!$G$2:$G$221, H$1), SUMIFS(MRP!$L$2:$L$221, MRP!$B$2:$B$221, $C209, MRP!$G$2:$G$221, H$1) )*F209 -> 1 | I209: =SUM( SUMIFS(MRP!$H$2:$H$221, MRP!$B$2:$B$221, $C209, MRP!$G$2:$G$221, I$1), SUMIFS(MRP!$I$2:$I$221, MRP!$B$2:$B$221, $C209, MRP!$G$2:$G$221, I$1), SUMIFS(MRP!$J$2:$J$221, MRP!$B$2:$B$221, $C209, MRP!$G$2:$G$221, I$1), SUMIFS(MRP!$K$2:$K$221, MRP!$B$2:$B$221, $C209, MRP!$G$2:$G$221, I$1), SUMIFS(MRP!$L$2:$L$221, MRP!$B$2:$B$221, $C209, MRP!$G$2:$G$221, I$1) )*F209 -> 0 | J209: =SUM( SUMIFS(MRP!$H$2:$H$221, MRP!$B$2:$B$221, $C209, MRP!$G$2:$G$221, J$1), SUMIFS(MRP!$I$2:$I$221, MRP!$B$2:$B$221, $C209, MRP!$G$2:$G$221, J$1), SUMIFS(MRP!$J$2:$J$221, MRP!$B$2:$B$221, $C209, MRP!$G$2:$G$221, J$1), SUMIFS(MRP!$K$2:$K$221, MRP!$B$2:$B$221, $C209, MRP!$G$2:$G$221, J$1), SUMIFS(MRP!$L$2:$L$221, MRP!$B$2:$B$221, $C209, MRP!$G$2:$G$221, J$1) )*F209 -> 0 | K209: =SUM( SUMIFS(MRP!$H$2:$H$221, MRP!$B$2:$B$221, $C209, MRP!$G$2:$G$221, K$1), SUMIFS(MRP!$I$2:$I$221, MRP!$B$2:$B$221, $C209, MRP!$G$2:$G$221, K$1), SUMIFS(MRP!$J$2:$J$221, MRP!$B$2:$B$221, $C209, MRP!$G$2:$G$221, K$1), SUMIFS(MRP!$K$2:$K$221, MRP!$B$2:$B$221, $C209, MRP!$G$2:$G$221, K$1), SUMIFS(MRP!$L$2:$L$221, MRP!$B$2:$B$221, $C209, MRP!$G$2:$G$221, K$1) )*F209 -> 0 | L209: =TRIM(Tabla3[[#This Row],[CodInternoArti]]) -> 7790000000768
A210: =IF(ISNUMBER(_xlfn.XMATCH(Tabla3[[#This Row],[CodInternoArti]],'Tabla Articulos'!B:B)),"OK","NO ESTA") -> OK | B210: =IF(ISNUMBER(_xlfn.XMATCH('Calcular necesidad'!E:E,'Necesidad por familia'!A:A)),"OK","NO ESTA") -> OK | C210: 7790250912828 | D210: GL_SERV FASTFOOD 16X21X8400U ELITE | E210: =_xlfn.XLOOKUP(C210,'Tabla Articulos'!B:B,'Tabla Articulos'!D:D) -> SERVILLETA 16X21 | F210: =_xlfn.XLOOKUP(C210,'Tabla Articulos'!B:B,'Tabla Articulos'!E:E) -> 8400 | G210: =SUM( SUMIFS(MRP!$H$2:$H$221, MRP!$B$2:$B$221, $C210, MRP!$G$2:$G$221, G$1), SUMIFS(MRP!$I$2:$I$221, MRP!$B$2:$B$221, $C210, MRP!$G$2:$G$221, G$1), SUMIFS(MRP!$J$2:$J$221, MRP!$B$2:$B$221, $C210, MRP!$G$2:$G$221, G$1), SUMIFS(MRP!$K$2:$K$221, MRP!$B$2:$B$221, $C210, MRP!$G$2:$G$221, G$1), SUMIFS(MRP!$L$2:$L$221, MRP!$B$2:$B$221, $C210, MRP!$G$2:$G$221, G$1) )*F210 -> 0 | H210: =SUM( SUMIFS(MRP!$H$2:$H$221, MRP!$B$2:$B$221, $C210, MRP!$G$2:$G$221, H$1), SUMIFS(MRP!$I$2:$I$221, MRP!$B$2:$B$221, $C210, MRP!$G$2:$G$221, H$1), SUMIFS(MRP!$J$2:$J$221, MRP!$B$2:$B$221, $C210, MRP!$G$2:$G$221, H$1), SUMIFS(MRP!$K$2:$K$221, MRP!$B$2:$B$221, $C210, MRP!$G$2:$G$221, H$1), SUMIFS(MRP!$L$2:$L$221, MRP!$B$2:$B$221, $C210, MRP!$G$2:$G$221, H$1) )*F210 -> 75600 | I210: =SUM( SUMIFS(MRP!$H$2:$H$221, MRP!$B$2:$B$221, $C210, MRP!$G$2:$G$221, I$1), SUMIFS(MRP!$I$2:$I$221, MRP!$B$2:$B$221, $C210, MRP!$G$2:$G$221, I$1), SUMIFS(MRP!$J$2:$J$221, MRP!$B$2:$B$221, $C210, MRP!$G$2:$G$221, I$1), SUMIFS(MRP!$K$2:$K$221, MRP!$B$2:$B$221, $C210, MRP!$G$2:$G$221, I$1), SUMIFS(MRP!$L$2:$L$221, MRP!$B$2:$B$221, $C210, MRP!$G$2:$G$221, I$1) )*F210 -> 0 | J210: =SUM( SUMIFS(MRP!$H$2:$H$221, MRP!$B$2:$B$221, $C210, MRP!$G$2:$G$221, J$1), SUMIFS(MRP!$I$2:$I$221, MRP!$B$2:$B$221, $C210, MRP!$G$2:$G$221, J$1), SUMIFS(MRP!$J$2:$J$221, MRP!$B$2:$B$221, $C210, MRP!$G$2:$G$221, J$1), SUMIFS(MRP!$K$2:$K$221, MRP!$B$2:$B$221, $C210, MRP!$G$2:$G$221, J$1), SUMIFS(MRP!$L$2:$L$221, MRP!$B$2:$B$221, $C210, MRP!$G$2:$G$221, J$1) )*F210 -> 0 | K210: =SUM( SUMIFS(MRP!$H$2:$H$221, MRP!$B$2:$B$221, $C210, MRP!$G$2:$G$221, K$1), SUMIFS(MRP!$I$2:$I$221, MRP!$B$2:$B$221, $C210, MRP!$G$2:$G$221, K$1), SUMIFS(MRP!$J$2:$J$221, MRP!$B$2:$B$221, $C210, MRP!$G$2:$G$221, K$1), SUMIFS(MRP!$K$2:$K$221, MRP!$B$2:$B$221, $C210, MRP!$G$2:$G$221, K$1), SUMIFS(MRP!$L$2:$L$221, MRP!$B$2:$B$221, $C210, MRP!$G$2:$G$221, K$1) )*F210 -> 0 | L210: =TRIM(Tabla3[[#This Row],[CodInternoArti]]) -> 7790250912828
A211: =IF(ISNUMBER(_xlfn.XMATCH(Tabla3[[#This Row],[CodInternoArti]],'Tabla Articulos'!B:B)),"OK","NO ESTA") -> OK | B211: =IF(ISNUMBER(_xlfn.XMATCH('Calcular necesidad'!E:E,'Necesidad por familia'!A:A)),"OK","NO ESTA") -> OK | C211: 7790000000762 | D211: TAPA BOWL COMP 17X7 960C X300U | E211: =_xlfn.XLOOKUP(C211,'Tabla Articulos'!B:B,'Tabla Articulos'!D:D) -> TAPA BOWL COMPOSTABLE 960 | F211: =_xlfn.XLOOKUP(C211,'Tabla Articulos'!B:B,'Tabla Articulos'!E:E) -> 300 | G211: =SUM( SUMIFS(MRP!$H$2:$H$221, MRP!$B$2:$B$221, $C211, MRP!$G$2:$G$221, G$1), SUMIFS(MRP!$I$2:$I$221, MRP!$B$2:$B$221, $C211, MRP!$G$2:$G$221, G$1), SUMIFS(MRP!$J$2:$J$221, MRP!$B$2:$B$221, $C211, MRP!$G$2:$G$221, G$1), SUMIFS(MRP!$K$2:$K$221, MRP!$B$2:$B$221, $C211, MRP!$G$2:$G$221, G$1), SUMIFS(MRP!$L$2:$L$221, MRP!$B$2:$B$221, $C211, MRP!$G$2:$G$221, G$1) )*F211 -> 0 | H211: =SUM( SUMIFS(MRP!$H$2:$H$221, MRP!$B$2:$B$221, $C211, MRP!$G$2:$G$221, H$1), SUMIFS(MRP!$I$2:$I$221, MRP!$B$2:$B$221, $C211, MRP!$G$2:$G$221, H$1), SUMIFS(MRP!$J$2:$J$221, MRP!$B$2:$B$221, $C211, MRP!$G$2:$G$221, H$1), SUMIFS(MRP!$K$2:$K$221, MRP!$B$2:$B$221, $C211, MRP!$G$2:$G$221, H$1), SUMIFS(MRP!$L$2:$L$221, MRP!$B$2:$B$221, $C211, MRP!$G$2:$G$221, H$1) )*F211 -> 4200 | I211: =SUM( SUMIFS(MRP!$H$2:$H$221, MRP!$B$2:$B$221, $C211, MRP!$G$2:$G$221, I$1), SUMIFS(MRP!$I$2:$I$221, MRP!$B$2:$B$221, $C211, MRP!$G$2:$G$221, I$1), SUMIFS(MRP!$J$2:$J$221, MRP!$B$2:$B$221, $C211, MRP!$G$2:$G$221, I$1), SUMIFS(MRP!$K$2:$K$221, MRP!$B$2:$B$221, $C211, MRP!$G$2:$G$221, I$1), SUMIFS(MRP!$L$2:$L$221, MRP!$B$2:$B$221, $C211, MRP!$G$2:$G$221, I$1) )*F211 -> 0 | J211: =SUM( SUMIFS(MRP!$H$2:$H$221, MRP!$B$2:$B$221, $C211, MRP!$G$2:$G$221, J$1), SUMIFS(MRP!$I$2:$I$221, MRP!$B$2:$B$221, $C211, MRP!$G$2:$G$221, J$1), SUMIFS(MRP!$J$2:$J$221, MRP!$B$2:$B$221, $C211, MRP!$G$2:$G$221, J$1), SUMIFS(MRP!$K$2:$K$221, MRP!$B$2:$B$221, $C211, MRP!$G$2:$G$221, J$1), SUMIFS(MRP!$L$2:$L$221, MRP!$B$2:$B$221, $C211, MRP!$G$2:$G$221, J$1) )*F211 -> 0 | K211: =SUM( SUMIFS(MRP!$H$2:$H$221, MRP!$B$2:$B$221, $C211, MRP!$G$2:$G$221, K$1), SUMIFS(MRP!$I$2:$I$221, MRP!$B$2:$B$221, $C211, MRP!$G$2:$G$221, K$1), SUMIFS(MRP!$J$2:$J$221, MRP!$B$2:$B$221, $C211, MRP!$G$2:$G$221, K$1), SUMIFS(MRP!$K$2:$K$221, MRP!$B$2:$B$221, $C211, MRP!$G$2:$G$221, K$1), SUMIFS(MRP!$L$2:$L$221, MRP!$B$2:$B$221, $C211, MRP!$G$2:$G$221, K$1) )*F211 -> 0 | L211: =TRIM(Tabla3[[#This Row],[CodInternoArti]]) -> 7790000000762
A212: =IF(ISNUMBER(_xlfn.XMATCH(Tabla3[[#This Row],[CodInternoArti]],'Tabla Articulos'!B:B)),"OK","NO ESTA") -> OK | B212: =IF(ISNUMBER(_xlfn.XMATCH('Calcular necesidad'!E:E,'Necesidad por familia'!A:A)),"OK","NO ESTA") -> OK | C212: 7790000000250 | D212: TAPA BOWL COMPOS.17x7 960CC BIO X600UN | E212: =_xlfn.XLOOKUP(C212,'Tabla Articulos'!B:B,'Tabla Articulos'!D:D) -> TAPA BOWL COMPOSTABLE 960 | F212: =_xlfn.XLOOKUP(C212,'Tabla Articulos'!B:B,'Tabla Articulos'!E:E) -> 600 | G212: =SUM( SUMIFS(MRP!$H$2:$H$221, MRP!$B$2:$B$221, $C212, MRP!$G$2:$G$221, G$1), SUMIFS(MRP!$I$2:$I$221, MRP!$B$2:$B$221, $C212, MRP!$G$2:$G$221, G$1), SUMIFS(MRP!$J$2:$J$221, MRP!$B$2:$B$221, $C212, MRP!$G$2:$G$221, G$1), SUMIFS(MRP!$K$2:$K$221, MRP!$B$2:$B$221, $C212, MRP!$G$2:$G$221, G$1), SUMIFS(MRP!$L$2:$L$221, MRP!$B$2:$B$221, $C212, MRP!$G$2:$G$221, G$1) )*F212 -> 0 | H212: =SUM( SUMIFS(MRP!$H$2:$H$221, MRP!$B$2:$B$221, $C212, MRP!$G$2:$G$221, H$1), SUMIFS(MRP!$I$2:$I$221, MRP!$B$2:$B$221, $C212, MRP!$G$2:$G$221, H$1), SUMIFS(MRP!$J$2:$J$221, MRP!$B$2:$B$221, $C212, MRP!$G$2:$G$221, H$1), SUMIFS(MRP!$K$2:$K$221, MRP!$B$2:$B$221, $C212, MRP!$G$2:$G$221, H$1), SUMIFS(MRP!$L$2:$L$221, MRP!$B$2:$B$221, $C212, MRP!$G$2:$G$221, H$1) )*F212 -> 12000 | I212: =SUM( SUMIFS(MRP!$H$2:$H$221, MRP!$B$2:$B$221, $C212, MRP!$G$2:$G$221, I$1), SUMIFS(MRP!$I$2:$I$221, MRP!$B$2:$B$221, $C212, MRP!$G$2:$G$221, I$1), SUMIFS(MRP!$J$2:$J$221, MRP!$B$2:$B$221, $C212, MRP!$G$2:$G$221, I$1), SUMIFS(MRP!$K$2:$K$221, MRP!$B$2:$B$221, $C212, MRP!$G$2:$G$221, I$1), SUMIFS(MRP!$L$2:$L$221, MRP!$B$2:$B$221, $C212, MRP!$G$2:$G$221, I$1) )*F212 -> 0 | J212: =SUM( SUMIFS(MRP!$H$2:$H$221, MRP!$B$2:$B$221, $C212, MRP!$G$2:$G$221, J$1), SUMIFS(MRP!$I$2:$I$221, MRP!$B$2:$B$221, $C212, MRP!$G$2:$G$221, J$1), SUMIFS(MRP!$J$2:$J$221, MRP!$B$2:$B$221, $C212, MRP!$G$2:$G$221, J$1), SUMIFS(MRP!$K$2:$K$221, MRP!$B$2:$B$221, $C212, MRP!$G$2:$G$221, J$1), SUMIFS(MRP!$L$2:$L$221, MRP!$B$2:$B$221, $C212, MRP!$G$2:$G$221, J$1) )*F212 -> 0 | K212: =SUM( SUMIFS(MRP!$H$2:$H$221, MRP!$B$2:$B$221, $C212, MRP!$G$2:$G$221, K$1), SUMIFS(MRP!$I$2:$I$221, MRP!$B$2:$B$221, $C212, MRP!$G$2:$G$221, K$1), SUMIFS(MRP!$J$2:$J$221, MRP!$B$2:$B$221, $C212, MRP!$G$2:$G$221, K$1), SUMIFS(MRP!$K$2:$K$221, MRP!$B$2:$B$221, $C212, MRP!$G$2:$G$221, K$1), SUMIFS(MRP!$L$2:$L$221, MRP!$B$2:$B$221, $C212, MRP!$G$2:$G$221, K$1) )*F212 -> 0 | L212: =TRIM(Tabla3[[#This Row],[CodInternoArti]]) -> 7790000000250
A213: =IF(ISNUMBER(_xlfn.XMATCH(Tabla3[[#This Row],[CodInternoArti]],'Tabla Articulos'!B:B)),"OK","NO ESTA") -> OK | B213: =IF(ISNUMBER(_xlfn.XMATCH('Calcular necesidad'!E:E,'Necesidad por familia'!A:A)),"OK","NO ESTA") -> OK | C213: 790757820753 | D213: GL SERVILLETAS 24x24 X2000U | E213: =_xlfn.XLOOKUP(C213,'Tabla Articulos'!B:B,'Tabla Articulos'!D:D) -> SERVILLETA 30X30 S/LOGO | F213: =_xlfn.XLOOKUP(C213,'Tabla Articulos'!B:B,'Tabla Articulos'!E:E) -> 2000 | G213: =SUM( SUMIFS(MRP!$H$2:$H$221, MRP!$B$2:$B$221, $C213, MRP!$G$2:$G$221, G$1), SUMIFS(MRP!$I$2:$I$221, MRP!$B$2:$B$221, $C213, MRP!$G$2:$G$221, G$1), SUMIFS(MRP!$J$2:$J$221, MRP!$B$2:$B$221, $C213, MRP!$G$2:$G$221, G$1), SUMIFS(MRP!$K$2:$K$221, MRP!$B$2:$B$221, $C213, MRP!$G$2:$G$221, G$1), SUMIFS(MRP!$L$2:$L$221, MRP!$B$2:$B$221, $C213, MRP!$G$2:$G$221, G$1) )*F213 -> 0 | H213: =SUM( SUMIFS(MRP!$H$2:$H$221, MRP!$B$2:$B$221, $C213, MRP!$G$2:$G$221, H$1), SUMIFS(MRP!$I$2:$I$221, MRP!$B$2:$B$221, $C213, MRP!$G$2:$G$221, H$1), SUMIFS(MRP!$J$2:$J$221, MRP!$B$2:$B$221, $C213, MRP!$G$2:$G$221, H$1), SUMIFS(MRP!$K$2:$K$221, MRP!$B$2:$B$221, $C213, MRP!$G$2:$G$221, H$1), SUMIFS(MRP!$L$2:$L$221, MRP!$B$2:$B$221, $C213, MRP!$G$2:$G$221, H$1) )*F213 -> 14000 | I213: =SUM( SUMIFS(MRP!$H$2:$H$221, MRP!$B$2:$B$221, $C213, MRP!$G$2:$G$221, I$1), SUMIFS(MRP!$I$2:$I$221, MRP!$B$2:$B$221, $C213, MRP!$G$2:$G$221, I$1), SUMIFS(MRP!$J$2:$J$221, MRP!$B$2:$B$221, $C213, MRP!$G$2:$G$221, I$1), SUMIFS(MRP!$K$2:$K$221, MRP!$B$2:$B$221, $C213, MRP!$G$2:$G$221, I$1), SUMIFS(MRP!$L$2:$L$221, MRP!$B$2:$B$221, $C213, MRP!$G$2:$G$221, I$1) )*F213 -> 0 | J213: =SUM( SUMIFS(MRP!$H$2:$H$221, MRP!$B$2:$B$221, $C213, MRP!$G$2:$G$221, J$1), SUMIFS(MRP!$I$2:$I$221, MRP!$B$2:$B$221, $C213, MRP!$G$2:$G$221, J$1), SUMIFS(MRP!$J$2:$J$221, MRP!$B$2:$B$221, $C213, MRP!$G$2:$G$221, J$1), SUMIFS(MRP!$K$2:$K$221, MRP!$B$2:$B$221, $C213, MRP!$G$2:$G$221, J$1), SUMIFS(MRP!$L$2:$L$221, MRP!$B$2:$B$221, $C213, MRP!$G$2:$G$221, J$1) )*F213 -> 0 | K213: =SUM( SUMIFS(MRP!$H$2:$H$221, MRP!$B$2:$B$221, $C213, MRP!$G$2:$G$221, K$1), SUMIFS(MRP!$I$2:$I$221, MRP!$B$2:$B$221, $C213, MRP!$G$2:$G$221, K$1), SUMIFS(MRP!$J$2:$J$221, MRP!$B$2:$B$221, $C213, MRP!$G$2:$G$221, K$1), SUMIFS(MRP!$K$2:$K$221, MRP!$B$2:$B$221, $C213, MRP!$G$2:$G$221, K$1), SUMIFS(MRP!$L$2:$L$221, MRP!$B$2:$B$221, $C213, MRP!$G$2:$G$221, K$1) )*F213 -> 0 | L213: =TRIM(Tabla3[[#This Row],[CodInternoArti]]) -> 790757820753
A214: =IF(ISNUMBER(_xlfn.XMATCH(Tabla3[[#This Row],[CodInternoArti]],'Tabla Articulos'!B:B)),"OK","NO ESTA") -> NO ESTA | B214: =IF(ISNUMBER(_xlfn.XMATCH('Calcular necesidad'!E:E,'Necesidad por familia'!A:A)),"OK","NO ESTA") -> NO ESTA | C214: 754697478351 | D214: GUANTE NITRILO T.9 X PAR DE PASCALE | E214: =_xlfn.XLOOKUP(C214,'Tabla Articulos'!B:B,'Tabla Articulos'!D:D) -> #N/A | F214: =_xlfn.XLOOKUP(C214,'Tabla Articulos'!B:B,'Tabla Articulos'!E:E) -> #N/A | G214: =SUM( SUMIFS(MRP!$H$2:$H$221, MRP!$B$2:$B$221, $C214, MRP!$G$2:$G$221, G$1), SUMIFS(MRP!$I$2:$I$221, MRP!$B$2:$B$221, $C214, MRP!$G$2:$G$221, G$1), SUMIFS(MRP!$J$2:$J$221, MRP!$B$2:$B$221, $C214, MRP!$G$2:$G$221, G$1), SUMIFS(MRP!$K$2:$K$221, MRP!$B$2:$B$221, $C214, MRP!$G$2:$G$221, G$1), SUMIFS(MRP!$L$2:$L$221, MRP!$B$2:$B$221, $C214, MRP!$G$2:$G$221, G$1) )*F214 -> #N/A | H214: =SUM( SUMIFS(MRP!$H$2:$H$221, MRP!$B$2:$B$221, $C214, MRP!$G$2:$G$221, H$1), SUMIFS(MRP!$I$2:$I$221, MRP!$B$2:$B$221, $C214, MRP!$G$2:$G$221, H$1), SUMIFS(MRP!$J$2:$J$221, MRP!$B$2:$B$221, $C214, MRP!$G$2:$G$221, H$1), SUMIFS(MRP!$K$2:$K$221, MRP!$B$2:$B$221, $C214, MRP!$G$2:$G$221, H$1), SUMIFS(MRP!$L$2:$L$221, MRP!$B$2:$B$221, $C214, MRP!$G$2:$G$221, H$1) )*F214 -> #N/A | I214: =SUM( SUMIFS(MRP!$H$2:$H$221, MRP!$B$2:$B$221, $C214, MRP!$G$2:$G$221, I$1), SUMIFS(MRP!$I$2:$I$221, MRP!$B$2:$B$221, $C214, MRP!$G$2:$G$221, I$1), SUMIFS(MRP!$J$2:$J$221, MRP!$B$2:$B$221, $C214, MRP!$G$2:$G$221, I$1), SUMIFS(MRP!$K$2:$K$221, MRP!$B$2:$B$221, $C214, MRP!$G$2:$G$221, I$1), SUMIFS(MRP!$L$2:$L$221, MRP!$B$2:$B$221, $C214, MRP!$G$2:$G$221, I$1) )*F214 -> #N/A | J214: =SUM( SUMIFS(MRP!$H$2:$H$221, MRP!$B$2:$B$221, $C214, MRP!$G$2:$G$221, J$1), SUMIFS(MRP!$I$2:$I$221, MRP!$B$2:$B$221, $C214, MRP!$G$2:$G$221, J$1), SUMIFS(MRP!$J$2:$J$221, MRP!$B$2:$B$221, $C214, MRP!$G$2:$G$221, J$1), SUMIFS(MRP!$K$2:$K$221, MRP!$B$2:$B$221, $C214, MRP!$G$2:$G$221, J$1), SUMIFS(MRP!$L$2:$L$221, MRP!$B$2:$B$221, $C214, MRP!$G$2:$G$221, J$1) )*F214 -> #N/A | K214: =SUM( SUMIFS(MRP!$H$2:$H$221, MRP!$B$2:$B$221, $C214, MRP!$G$2:$G$221, K$1), SUMIFS(MRP!$I$2:$I$221, MRP!$B$2:$B$221, $C214, MRP!$G$2:$G$221, K$1), SUMIFS(MRP!$J$2:$J$221, MRP!$B$2:$B$221, $C214, MRP!$G$2:$G$221, K$1), SUMIFS(MRP!$K$2:$K$221, MRP!$B$2:$B$221, $C214, MRP!$G$2:$G$221, K$1), SUMIFS(MRP!$L$2:$L$221, MRP!$B$2:$B$221, $C214, MRP!$G$2:$G$221, K$1) )*F214 -> #N/A | L214: =TRIM(Tabla3[[#This Row],[CodInternoArti]]) -> 754697478351
A215: =IF(ISNUMBER(_xlfn.XMATCH(Tabla3[[#This Row],[CodInternoArti]],'Tabla Articulos'!B:B)),"OK","NO ESTA") -> OK | B215: =IF(ISNUMBER(_xlfn.XMATCH('Calcular necesidad'!E:E,'Necesidad por familia'!A:A)),"OK","NO ESTA") -> OK | C215: 798011214860 | D215: BANDEJA 101 X100U COTNYL | E215: =_xlfn.XLOOKUP(C215,'Tabla Articulos'!B:B,'Tabla Articulos'!D:D) -> BANDEJA 101 | F215: =_xlfn.XLOOKUP(C215,'Tabla Articulos'!B:B,'Tabla Articulos'!E:E) -> 100 | G215: =SUM( SUMIFS(MRP!$H$2:$H$221, MRP!$B$2:$B$221, $C215, MRP!$G$2:$G$221, G$1), SUMIFS(MRP!$I$2:$I$221, MRP!$B$2:$B$221, $C215, MRP!$G$2:$G$221, G$1), SUMIFS(MRP!$J$2:$J$221, MRP!$B$2:$B$221, $C215, MRP!$G$2:$G$221, G$1), SUMIFS(MRP!$K$2:$K$221, MRP!$B$2:$B$221, $C215, MRP!$G$2:$G$221, G$1), SUMIFS(MRP!$L$2:$L$221, MRP!$B$2:$B$221, $C215, MRP!$G$2:$G$221, G$1) )*F215 -> 0 | H215: =SUM( SUMIFS(MRP!$H$2:$H$221, MRP!$B$2:$B$221, $C215, MRP!$G$2:$G$221, H$1), SUMIFS(MRP!$I$2:$I$221, MRP!$B$2:$B$221, $C215, MRP!$G$2:$G$221, H$1), SUMIFS(MRP!$J$2:$J$221, MRP!$B$2:$B$221, $C215, MRP!$G$2:$G$221, H$1), SUMIFS(MRP!$K$2:$K$221, MRP!$B$2:$B$221, $C215, MRP!$G$2:$G$221, H$1), SUMIFS(MRP!$L$2:$L$221, MRP!$B$2:$B$221, $C215, MRP!$G$2:$G$221, H$1) )*F215 -> 0 | I215: =SUM( SUMIFS(MRP!$H$2:$H$221, MRP!$B$2:$B$221, $C215, MRP!$G$2:$G$221, I$1), SUMIFS(MRP!$I$2:$I$221, MRP!$B$2:$B$221, $C215, MRP!$G$2:$G$221, I$1), SUMIFS(MRP!$J$2:$J$221, MRP!$B$2:$B$221, $C215, MRP!$G$2:$G$221, I$1), SUMIFS(MRP!$K$2:$K$221, MRP!$B$2:$B$221, $C215, MRP!$G$2:$G$221, I$1), SUMIFS(MRP!$L$2:$L$221, MRP!$B$2:$B$221, $C215, MRP!$G$2:$G$221, I$1) )*F215 -> 0 | J215: =SUM( SUMIFS(MRP!$H$2:$H$221, MRP!$B$2:$B$221, $C215, MRP!$G$2:$G$221, J$1), SUMIFS(MRP!$I$2:$I$221, MRP!$B$2:$B$221, $C215, MRP!$G$2:$G$221, J$1), SUMIFS(MRP!$J$2:$J$221, MRP!$B$2:$B$221, $C215, MRP!$G$2:$G$221, J$1), SUMIFS(MRP!$K$2:$K$221, MRP!$B$2:$B$221, $C215, MRP!$G$2:$G$221, J$1), SUMIFS(MRP!$L$2:$L$221, MRP!$B$2:$B$221, $C215, MRP!$G$2:$G$221, J$1) )*F215 -> 0 | K215: =SUM( SUMIFS(MRP!$H$2:$H$221, MRP!$B$2:$B$221, $C215, MRP!$G$2:$G$221, K$1), SUMIFS(MRP!$I$2:$I$221, MRP!$B$2:$B$221, $C215, MRP!$G$2:$G$221, K$1), SUMIFS(MRP!$J$2:$J$221, MRP!$B$2:$B$221, $C215, MRP!$G$2:$G$221, K$1), SUMIFS(MRP!$K$2:$K$221, MRP!$B$2:$B$221, $C215, MRP!$G$2:$G$221, K$1), SUMIFS(MRP!$L$2:$L$221, MRP!$B$2:$B$221, $C215, MRP!$G$2:$G$221, K$1) )*F215 -> 0 | L215: =TRIM(Tabla3[[#This Row],[CodInternoArti]]) -> 798011214860
A216: =IF(ISNUMBER(_xlfn.XMATCH(Tabla3[[#This Row],[CodInternoArti]],'Tabla Articulos'!B:B)),"OK","NO ESTA") -> OK | B216: =IF(ISNUMBER(_xlfn.XMATCH('Calcular necesidad'!E:E,'Necesidad por familia'!A:A)),"OK","NO ESTA") -> OK | C216: 7790023000196 | D216: GL BOBINA DE ARRANQ 20X30X12U | E216: =_xlfn.XLOOKUP(C216,'Tabla Articulos'!B:B,'Tabla Articulos'!D:D) -> ARRANQUE 20X30 | F216: =_xlfn.XLOOKUP(C216,'Tabla Articulos'!B:B,'Tabla Articulos'!E:E) -> 12 | G216: =SUM( SUMIFS(MRP!$H$2:$H$221, MRP!$B$2:$B$221, $C216, MRP!$G$2:$G$221, G$1), SUMIFS(MRP!$I$2:$I$221, MRP!$B$2:$B$221, $C216, MRP!$G$2:$G$221, G$1), SUMIFS(MRP!$J$2:$J$221, MRP!$B$2:$B$221, $C216, MRP!$G$2:$G$221, G$1), SUMIFS(MRP!$K$2:$K$221, MRP!$B$2:$B$221, $C216, MRP!$G$2:$G$221, G$1), SUMIFS(MRP!$L$2:$L$221, MRP!$B$2:$B$221, $C216, MRP!$G$2:$G$221, G$1) )*F216 -> 0 | H216: =SUM( SUMIFS(MRP!$H$2:$H$221, MRP!$B$2:$B$221, $C216, MRP!$G$2:$G$221, H$1), SUMIFS(MRP!$I$2:$I$221, MRP!$B$2:$B$221, $C216, MRP!$G$2:$G$221, H$1), SUMIFS(MRP!$J$2:$J$221, MRP!$B$2:$B$221, $C216, MRP!$G$2:$G$221, H$1), SUMIFS(MRP!$K$2:$K$221, MRP!$B$2:$B$221, $C216, MRP!$G$2:$G$221, H$1), SUMIFS(MRP!$L$2:$L$221, MRP!$B$2:$B$221, $C216, MRP!$G$2:$G$221, H$1) )*F216 -> 24 | I216: =SUM( SUMIFS(MRP!$H$2:$H$221, MRP!$B$2:$B$221, $C216, MRP!$G$2:$G$221, I$1), SUMIFS(MRP!$I$2:$I$221, MRP!$B$2:$B$221, $C216, MRP!$G$2:$G$221, I$1), SUMIFS(MRP!$J$2:$J$221, MRP!$B$2:$B$221, $C216, MRP!$G$2:$G$221, I$1), SUMIFS(MRP!$K$2:$K$221, MRP!$B$2:$B$221, $C216, MRP!$G$2:$G$221, I$1), SUMIFS(MRP!$L$2:$L$221, MRP!$B$2:$B$221, $C216, MRP!$G$2:$G$221, I$1) )*F216 -> 0 | J216: =SUM( SUMIFS(MRP!$H$2:$H$221, MRP!$B$2:$B$221, $C216, MRP!$G$2:$G$221, J$1), SUMIFS(MRP!$I$2:$I$221, MRP!$B$2:$B$221, $C216, MRP!$G$2:$G$221, J$1), SUMIFS(MRP!$J$2:$J$221, MRP!$B$2:$B$221, $C216, MRP!$G$2:$G$221, J$1), SUMIFS(MRP!$K$2:$K$221, MRP!$B$2:$B$221, $C216, MRP!$G$2:$G$221, J$1), SUMIFS(MRP!$L$2:$L$221, MRP!$B$2:$B$221, $C216, MRP!$G$2:$G$221, J$1) )*F216 -> 0 | K216: =SUM( SUMIFS(MRP!$H$2:$H$221, MRP!$B$2:$B$221, $C216, MRP!$G$2:$G$221, K$1), SUMIFS(MRP!$I$2:$I$221, MRP!$B$2:$B$221, $C216, MRP!$G$2:$G$221, K$1), SUMIFS(MRP!$J$2:$J$221, MRP!$B$2:$B$221, $C216, MRP!$G$2:$G$221, K$1), SUMIFS(MRP!$K$2:$K$221, MRP!$B$2:$B$221, $C216, MRP!$G$2:$G$221, K$1), SUMIFS(MRP!$L$2:$L$221, MRP!$B$2:$B$221, $C216, MRP!$G$2:$G$221, K$1) )*F216 -> 0 | L216: =TRIM(Tabla3[[#This Row],[CodInternoArti]]) -> 7790023000196
